user_id,gender_bool,norm_age,occupation_idx,zip_idx
0,0,0.0,10,1588
1,1,0.9999999999999999,16,2248
2,1,0.43636363636363634,15,1863
3,1,0.7999999999999999,7,140
4,1,0.43636363636363634,20,1938
5,0,0.8909090909090909,9,1863
6,1,0.6181818181818182,1,294
7,1,0.43636363636363634,12,488
8,1,0.43636363636363634,17,2106
9,0,0.6181818181818182,1,3188
10,0,0.43636363636363634,1,224
11,1,0.43636363636363634,12,1165
12,1,0.7999999999999999,1,3009
13,1,0.6181818181818182,0,2026
14,1,0.43636363636363634,7,904
15,0,0.6181818181818182,0,801
16,1,0.8909090909090909,1,3187
17,0,0.3090909090909091,3,3227
18,1,0.0,10,1591
19,1,0.43636363636363634,14,1860
20,1,0.3090909090909091,16,3429
21,1,0.3090909090909091,15,1792
22,1,0.6181818181818182,0,2764
23,0,0.43636363636363634,7,416
24,1,0.3090909090909091,4,42
25,1,0.43636363636363634,7,913
26,1,0.43636363636363634,11,731
27,0,0.43636363636363634,1,615
28,1,0.6181818181818182,7,1213
29,0,0.6181818181818182,7,734
30,1,0.9999999999999999,7,296
31,0,0.43636363636363634,0,746
32,1,0.7999999999999999,3,1915
33,0,0.3090909090909091,0,101
34,1,0.7999999999999999,1,149
35,1,0.43636363636363634,3,3068
36,0,0.43636363636363634,9,2212
37,0,0.3090909090909091,4,120
38,1,0.3090909090909091,4,2112
39,1,0.7999999999999999,0,441
40,0,0.3090909090909091,4,637
41,1,0.43636363636363634,8,947
42,1,0.43636363636363634,12,2078
43,1,0.7999999999999999,17,3343
44,0,0.7999999999999999,16,3057
45,1,0.3090909090909091,19,2361
46,1,0.3090909090909091,4,3077
47,1,0.43636363636363634,4,2916
48,1,0.3090909090909091,12,2416
49,0,0.43636363636363634,2,3369
50,0,0.0,10,443
51,1,0.3090909090909091,4,2278
52,1,0.43636363636363634,0,3264
53,1,0.8909090909090909,1,1966
54,0,0.6181818181818182,12,1876
55,1,0.6181818181818182,20,2047
56,1,0.3090909090909091,19,1103
57,1,0.43636363636363634,2,1086
58,0,0.8909090909090909,1,1908
59,1,0.8909090909090909,1,2275
60,1,0.43636363636363634,17,3171
61,0,0.6181818181818182,3,3353
62,1,0.3090909090909091,4,1824
63,1,0.3090909090909091,1,1792
64,1,0.6181818181818182,12,1943
65,1,0.43636363636363634,18,1972
66,0,0.8909090909090909,5,2034
67,1,0.3090909090909091,4,1792
68,0,0.43636363636363634,1,108
69,1,0.3090909090909091,4,1789
70,1,0.43636363636363634,14,3153
71,0,0.7999999999999999,0,1868
72,1,0.3090909090909091,4,1792
73,1,0.6181818181818182,14,3096
74,0,0.0,10,50
75,1,0.6181818181818182,7,1908
76,1,0.3090909090909091,4,651
77,0,0.7999999999999999,1,3334
78,0,0.7999999999999999,0,3352
79,1,0.9999999999999999,1,1686
80,0,0.43636363636363634,0,2087
81,1,0.43636363636363634,17,1654
82,0,0.43636363636363634,2,3120
83,1,0.3090909090909091,4,1763
84,1,0.3090909090909091,4,3145
85,0,0.0,10,1811
86,1,0.43636363636363634,14,1651
87,0,0.7999999999999999,1,147
88,0,0.9999999999999999,9,2681
89,1,0.9999999999999999,13,2681
90,1,0.6181818181818182,7,330
91,0,0.3090909090909091,4,1439
92,1,0.43636363636363634,17,3227
93,1,0.43636363636363634,17,1019
94,1,0.7999999999999999,0,3379
95,0,0.43636363636363634,16,2451
96,0,0.6181818181818182,3,2211
97,0,0.6181818181818182,7,1219
98,0,0.0,10,750
99,1,0.6181818181818182,17,3191
100,0,0.3090909090909091,3,1207
101,1,0.6181818181818182,19,820
102,1,0.7999999999999999,7,2913
103,1,0.43636363636363634,12,5
104,1,0.7999999999999999,12,2786
105,0,0.6181818181818182,11,2505
106,1,0.7999999999999999,18,2153
107,1,0.43636363636363634,12,1092
108,1,0.7999999999999999,15,2899
109,1,0.43636363636363634,2,2814
110,1,0.6181818181818182,15,1911
111,1,0.43636363636363634,16,3286
112,1,0.3090909090909091,12,1279
113,0,0.43636363636363634,2,2600
114,1,0.43636363636363634,17,1003
115,1,0.43636363636363634,17,1942
116,1,0.43636363636363634,17,1207
117,1,0.6181818181818182,17,892
118,0,0.0,10,2433
119,1,0.43636363636363634,11,965
120,1,0.6181818181818182,7,2355
121,0,0.3090909090909091,4,3077
122,1,0.6181818181818182,9,2221
123,1,0.9999999999999999,7,2848
124,1,0.7999999999999999,14,44
125,1,0.3090909090909091,9,3362
126,0,0.7999999999999999,3,53
127,1,0.9999999999999999,6,1313
128,1,0.43636363636363634,11,792
129,1,0.6181818181818182,17,1720
130,1,0.3090909090909091,4,289
131,1,0.43636363636363634,17,3435
132,0,0.43636363636363634,0,1841
133,1,0.43636363636363634,0,2212
134,1,0.3090909090909091,4,775
135,1,0.3090909090909091,2,847
136,0,0.7999999999999999,6,2499
137,1,0.3090909090909091,20,878
138,0,0.43636363636363634,20,1508
139,0,0.6181818181818182,1,1854
140,1,0.6181818181818182,13,2120
141,1,0.43636363636363634,7,405
142,1,0.3090909090909091,3,2169
143,1,0.43636363636363634,17,1036
144,1,0.3090909090909091,4,715
145,0,0.6181818181818182,20,456
146,1,0.3090909090909091,4,2849
147,1,0.8909090909090909,17,1973
148,1,0.43636363636363634,1,1032
149,1,0.6181818181818182,7,3371
150,0,0.43636363636363634,20,2632
151,1,0.3090909090909091,4,1600
152,1,0.0,10,1740
153,1,0.8909090909090909,20,3096
154,1,0.6181818181818182,12,325
155,0,0.7999999999999999,7,613
156,1,0.6181818181818182,16,554
157,1,0.9999999999999999,7,1024
158,0,0.7999999999999999,0,1313
159,1,0.6181818181818182,7,556
160,1,0.7999999999999999,16,3355
161,0,0.3090909090909091,4,3008
162,1,0.3090909090909091,4,2632
163,0,0.9999999999999999,13,3109
164,1,0.3090909090909091,16,3399
165,1,0.3090909090909091,4,2984
166,0,0.43636363636363634,11,415
167,0,0.8909090909090909,0,1567
168,1,0.43636363636363634,7,1929
169,1,0.43636363636363634,11,303
170,0,0.8909090909090909,17,1930
171,1,0.43636363636363634,3,332
172,1,0.43636363636363634,0,1491
173,1,0.43636363636363634,16,848
174,0,0.43636363636363634,2,3172
175,0,0.3090909090909091,3,1832
176,1,0.8909090909090909,1,1805
177,1,0.9999999999999999,17,1791
178,1,0.43636363636363634,0,101
179,1,0.7999999999999999,12,37
180,1,0.3090909090909091,17,1201
181,1,0.3090909090909091,4,184
182,0,0.7999999999999999,1,1902
183,0,0.43636363636363634,0,700
184,1,0.7999999999999999,0,612
185,1,0.3090909090909091,5,2874
186,0,0.7999999999999999,1,3042
187,1,0.9999999999999999,16,2517
188,1,0.3090909090909091,0,2015
189,1,0.43636363636363634,17,1871
190,1,0.3090909090909091,4,246
191,1,0.3090909090909091,1,458
192,0,0.7999999999999999,15,1423
193,0,0.0,10,1030
194,1,0.43636363636363634,12,431
195,0,0.6181818181818182,9,3113
196,1,0.3090909090909091,14,416
197,1,0.43636363636363634,12,1855
198,1,0.3090909090909091,4,2599
199,0,0.3090909090909091,4,2628
200,0,0.6181818181818182,2,1863
201,1,0.3090909090909091,4,1792
202,0,0.3090909090909091,4,1797
203,1,0.43636363636363634,7,2927
204,1,0.6181818181818182,12,3305
205,1,0.43636363636363634,17,797
206,1,0.43636363636363634,12,3061
207,1,0.6181818181818182,17,1923
208,1,0.6181818181818182,1,2763
209,0,0.0,10,953
210,1,0.7999999999999999,17,2802
211,1,0.43636363636363634,16,1796
212,0,0.3090909090909091,4,42
213,1,0.3090909090909091,20,2541
214,1,0.6181818181818182,14,2907
215,1,0.7999999999999999,13,1753
216,1,0.3090909090909091,4,904
217,1,0.6181818181818182,14,3225
218,0,0.43636363636363634,4,1860
219,1,0.43636363636363634,12,904
220,0,0.43636363636363634,0,3044
221,1,0.43636363636363634,1,1862
222,1,0.43636363636363634,17,1012
223,0,0.3090909090909091,4,631
224,1,0.43636363636363634,7,473
225,1,0.6181818181818182,1,3089
226,1,0.6181818181818182,20,2789
227,1,0.43636363636363634,15,1938
228,1,0.3090909090909091,10,242
229,1,0.7999999999999999,1,1386
230,1,0.43636363636363634,3,1938
231,1,0.43636363636363634,20,1903
232,0,0.7999999999999999,20,1311
233,1,0.6181818181818182,7,1341
234,1,0.43636363636363634,0,3372
235,1,0.43636363636363634,5,1872
236,1,0.43636363636363634,6,1563
237,0,0.8909090909090909,7,2789
238,1,0.3090909090909091,19,3125
239,1,0.8909090909090909,17,1860
240,1,0.6181818181818182,20,1867
241,0,0.3090909090909091,4,1792
242,1,0.43636363636363634,16,496
243,1,0.8909090909090909,7,714
244,1,0.6181818181818182,16,2203
245,0,0.3090909090909091,4,2082
246,1,0.43636363636363634,17,3083
247,1,0.3090909090909091,17,2284
248,0,0.3090909090909091,14,1608
249,1,0.6181818181818182,16,478
250,1,0.9999999999999999,17,1852
251,1,0.43636363636363634,12,3059
252,0,0.43636363636363634,11,3309
253,1,0.6181818181818182,17,1676
254,1,0.6181818181818182,0,2666
255,1,0.7999999999999999,16,1843
256,1,0.3090909090909091,18,1860
257,1,0.43636363636363634,7,1927
258,1,0.43636363636363634,1,2079
259,1,0.3090909090909091,19,3368
260,1,0.43636363636363634,20,2366
261,0,0.43636363636363634,1,2238
262,0,0.43636363636363634,7,885
263,1,0.6181818181818182,0,810
264,0,0.6181818181818182,7,1862
265,1,0.6181818181818182,11,2355
266,1,0.7999999999999999,12,1828
267,0,0.3090909090909091,12,1053
268,1,0.43636363636363634,2,1903
269,1,0.8909090909090909,14,1909
270,1,0.3090909090909091,4,1626
271,1,0.3090909090909091,0,2553
272,1,0.3090909090909091,4,1919
273,1,0.3090909090909091,4,1938
274,1,0.43636363636363634,0,1616
275,1,0.7999999999999999,16,77
276,0,0.6181818181818182,1,3368
277,1,0.7999999999999999,18,2054
278,1,0.43636363636363634,14,2830
279,1,0.8909090909090909,7,727
280,0,0.6181818181818182,0,3063
281,1,0.43636363636363634,17,3080
282,1,0.43636363636363634,0,400
283,1,0.43636363636363634,12,2885
284,0,0.6181818181818182,0,3056
285,1,0.43636363636363634,1,1813
286,1,0.8909090909090909,13,3130
287,0,0.43636363636363634,12,3276
288,0,0.43636363636363634,0,514
289,0,0.43636363636363634,20,3114
290,1,0.6181818181818182,12,1857
291,1,0.6181818181818182,7,752
292,1,0.9999999999999999,1,1885
293,0,0.7999999999999999,9,1382
294,1,0.3090909090909091,0,2535
295,1,0.8909090909090909,5,2731
296,1,0.3090909090909091,2,3288
297,0,0.3090909090909091,4,705
298,1,0.43636363636363634,12,3309
299,1,0.43636363636363634,7,2478
300,1,0.3090909090909091,4,2112
301,1,0.3090909090909091,4,245
302,1,0.43636363636363634,7,775
303,1,0.43636363636363634,0,1909
304,0,0.3090909090909091,0,1909
305,1,0.3090909090909091,0,1757
306,1,0.8909090909090909,16,2749
307,1,0.43636363636363634,2,418
308,1,0.43636363636363634,4,664
309,0,0.3090909090909091,4,1118
310,1,0.3090909090909091,4,1117
311,0,0.8909090909090909,2,882
312,0,0.3090909090909091,4,103
313,0,0.9999999999999999,9,1565
314,0,0.9999999999999999,1,1852
315,1,0.9999999999999999,13,2812
316,1,0.6181818181818182,7,1332
317,0,0.9999999999999999,13,1851
318,0,0.8909090909090909,6,1215
319,1,0.6181818181818182,6,3432
320,1,0.3090909090909091,4,1874
321,1,0.9999999999999999,17,1863
322,1,0.7999999999999999,12,1798
323,1,0.6181818181818182,17,1853
324,0,0.8909090909090909,3,1859
325,1,0.8909090909090909,11,952
326,1,0.6181818181818182,18,1935
327,1,0.6181818181818182,12,2556
328,1,0.6181818181818182,7,93
329,1,0.9999999999999999,7,2905
330,1,0.43636363636363634,7,1947
331,1,0.8909090909090909,1,1856
332,1,0.6181818181818182,2,1905
333,0,0.9999999999999999,2,1860
334,1,0.6181818181818182,18,1925
335,1,0.3090909090909091,0,3414
336,1,0.3090909090909091,19,2536
337,1,0.6181818181818182,7,1862
338,1,0.8909090909090909,7,2538
339,0,0.43636363636363634,3,998
340,0,0.9999999999999999,13,2923
341,1,0.3090909090909091,12,1843
342,0,0.6181818181818182,3,1873
343,1,0.6181818181818182,14,2329
344,1,0.43636363636363634,12,3060
345,0,0.43636363636363634,0,1857
346,0,0.9999999999999999,1,1878
347,1,0.8909090909090909,7,1857
348,1,0.0,10,355
349,1,0.7999999999999999,20,355
350,1,0.3090909090909091,4,1852
351,1,0.3090909090909091,4,2024
352,0,0.6181818181818182,7,2959
353,1,0.6181818181818182,1,1863
354,1,0.3090909090909091,3,1854
355,1,0.9999999999999999,20,1847
356,1,0.3090909090909091,0,3352
357,0,0.9999999999999999,1,814
358,1,0.43636363636363634,17,1874
359,1,0.6181818181818182,17,1007
360,0,0.43636363636363634,14,3061
361,1,0.6181818181818182,20,1902
362,1,0.3090909090909091,10,1914
363,0,0.6181818181818182,1,1561
364,0,0.3090909090909091,4,103
365,1,0.8909090909090909,15,1872
366,1,0.8909090909090909,12,1915
367,1,0.43636363636363634,0,2791
368,1,0.6181818181818182,1,1857
369,1,0.3090909090909091,17,885
370,1,0.3090909090909091,4,106
371,0,0.3090909090909091,4,2279
372,0,0.43636363636363634,2,1890
373,0,0.6181818181818182,14,1889
374,1,0.43636363636363634,2,1853
375,1,0.6181818181818182,1,2526
376,1,0.43636363636363634,17,1913
377,0,0.3090909090909091,0,1852
378,0,0.6181818181818182,1,1821
379,1,0.43636363636363634,2,2895
380,1,0.6181818181818182,17,2707
381,0,0.6181818181818182,20,2208
382,0,0.43636363636363634,7,2498
383,1,0.43636363636363634,11,1842
384,1,0.43636363636363634,6,2232
385,1,0.43636363636363634,0,1903
386,0,0.6181818181818182,7,1858
387,0,0.43636363636363634,0,414
388,1,0.43636363636363634,6,2231
389,1,0.43636363636363634,4,1899
390,1,0.7999999999999999,11,873
391,1,0.3090909090909091,7,782
392,1,0.6181818181818182,17,1896
393,1,0.3090909090909091,0,1830
394,1,0.3090909090909091,5,1851
395,1,0.43636363636363634,1,1958
396,1,0.6181818181818182,17,874
397,1,0.43636363636363634,17,1937
398,0,0.6181818181818182,6,1874
399,0,0.3090909090909091,3,1916
400,1,0.3090909090909091,0,1875
401,1,0.43636363636363634,11,1919
402,1,0.3090909090909091,4,103
403,1,0.3090909090909091,4,428
404,1,0.9999999999999999,1,566
405,1,0.43636363636363634,20,1852
406,1,0.3090909090909091,17,2734
407,1,0.43636363636363634,11,108
408,1,0.3090909090909091,12,1868
409,0,0.43636363636363634,1,1912
410,0,0.7999999999999999,1,1389
411,1,0.6181818181818182,15,1863
412,1,0.43636363636363634,11,1904
413,1,0.43636363636363634,0,1882
414,0,0.6181818181818182,0,1901
415,1,0.7999999999999999,14,1843
416,0,0.43636363636363634,0,1737
417,0,0.43636363636363634,3,1805
418,1,0.3090909090909091,3,1916
419,1,0.6181818181818182,1,1901
420,0,0.7999999999999999,3,1871
421,1,0.9999999999999999,17,1851
422,1,0.3090909090909091,4,1938
423,1,0.43636363636363634,17,1859
424,1,0.43636363636363634,12,1876
425,1,0.3090909090909091,4,1938
426,1,0.6181818181818182,12,1851
427,0,0.3090909090909091,4,1938
428,1,0.3090909090909091,0,1823
429,0,0.3090909090909091,10,1879
430,1,0.3090909090909091,10,1876
431,1,0.7999999999999999,16,1879
432,1,0.8909090909090909,6,1861
433,0,0.7999999999999999,3,3373
434,1,0.43636363636363634,7,1871
435,1,0.3090909090909091,4,1376
436,1,0.6181818181818182,17,1834
437,1,0.3090909090909091,11,1791
438,1,0.6181818181818182,14,1875
439,1,0.9999999999999999,1,1176
440,1,0.6181818181818182,1,1873
441,1,0.43636363636363634,1,1852
442,1,0.43636363636363634,3,1915
443,1,0.9999999999999999,0,1855
444,1,0.7999999999999999,12,1863
445,0,0.8909090909090909,0,1837
446,0,0.7999999999999999,11,1852
447,1,0.43636363636363634,17,2531
448,1,0.43636363636363634,7,2638
449,1,0.7999999999999999,1,948
450,1,0.9999999999999999,13,1817
451,1,0.8909090909090909,17,1863
452,1,0.3090909090909091,4,1848
453,1,0.43636363636363634,20,1845
454,0,0.6181818181818182,2,1860
455,1,0.6181818181818182,0,1852
456,1,0.3090909090909091,4,1816
457,1,0.8909090909090909,16,1900
458,0,0.3090909090909091,4,1852
459,1,0.7999999999999999,18,1881
460,1,0.8909090909090909,7,1842
461,1,0.3090909090909091,16,1911
462,1,0.43636363636363634,7,1852
463,0,0.3090909090909091,4,1938
464,1,0.3090909090909091,19,3093
465,1,0.43636363636363634,5,1899
466,0,0.6181818181818182,3,1842
467,0,0.0,10,1844
468,1,0.6181818181818182,6,1868
469,0,0.0,10,1840
470,1,0.6181818181818182,7,392
471,1,0.6181818181818182,0,1913
472,0,0.3090909090909091,4,1859
473,1,0.43636363636363634,17,2928
474,0,0.43636363636363634,2,1915
475,1,0.6181818181818182,0,1873
476,1,0.6181818181818182,14,1905
477,1,0.8909090909090909,16,1860
478,1,0.43636363636363634,12,1837
479,0,0.3090909090909091,4,1916
480,1,0.7999999999999999,7,1861
481,1,0.43636363636363634,14,1878
482,1,0.3090909090909091,12,1852
483,0,0.0,10,1851
484,1,0.9999999999999999,7,1837
485,1,0.9999999999999999,0,2852
486,0,0.6181818181818182,17,1844
487,1,0.43636363636363634,12,1854
488,1,0.3090909090909091,4,1938
489,1,0.0,10,1888
490,1,0.3090909090909091,4,1955
491,1,0.43636363636363634,12,1859
492,1,0.8909090909090909,7,1832
493,0,0.6181818181818182,0,685
494,1,0.3090909090909091,10,1915
495,1,0.3090909090909091,4,1938
496,0,0.43636363636363634,17,1907
497,1,0.6181818181818182,17,1860
498,0,0.43636363636363634,1,1855
499,0,0.3090909090909091,2,1852
500,1,0.43636363636363634,2,1892
501,1,0.6181818181818182,6,1872
502,1,0.6181818181818182,11,2300
503,1,0.43636363636363634,2,668
504,1,0.6181818181818182,17,1302
505,1,0.43636363636363634,16,1850
506,0,0.43636363636363634,0,1899
507,1,0.43636363636363634,12,1913
508,1,0.43636363636363634,2,1871
509,1,0.3090909090909091,12,1856
510,0,0.7999999999999999,4,648
511,1,0.6181818181818182,0,1893
512,1,0.43636363636363634,0,1865
513,1,0.43636363636363634,2,1860
514,1,0.43636363636363634,1,1901
515,0,0.9999999999999999,14,1835
516,0,0.43636363636363634,14,1903
517,0,0.6181818181818182,12,2357
518,0,0.6181818181818182,14,1836
519,0,0.6181818181818182,20,1851
520,1,0.9999999999999999,7,1852
521,1,0.43636363636363634,12,1870
522,1,0.8909090909090909,7,1852
523,1,0.3090909090909091,0,2837
524,1,0.6181818181818182,6,707
525,1,0.7999999999999999,17,3136
526,0,0.43636363636363634,2,468
527,0,0.3090909090909091,17,2603
528,1,0.6181818181818182,12,2890
529,1,0.43636363636363634,2,412
530,0,0.3090909090909091,14,881
531,1,0.43636363636363634,7,3075
532,1,0.43636363636363634,12,977
533,1,0.43636363636363634,15,1947
534,1,0.6181818181818182,6,3188
535,1,0.43636363636363634,20,19
536,1,0.7999999999999999,14,337
537,1,0.9999999999999999,16,3195
538,1,0.43636363636363634,2,1849
539,1,0.3090909090909091,1,646
540,0,0.3090909090909091,4,1978
541,1,0.3090909090909091,4,2484
542,1,0.43636363636363634,5,1838
543,1,0.6181818181818182,12,3099
544,1,0.6181818181818182,17,68
545,0,0.43636363636363634,0,1290
546,1,0.6181818181818182,12,2376
547,0,0.6181818181818182,16,3262
548,1,0.43636363636363634,6,1774
549,1,0.7999999999999999,8,857
550,1,0.6181818181818182,20,1862
551,1,0.8909090909090909,18,930
552,1,0.43636363636363634,2,3070
553,1,0.43636363636363634,12,3048
554,1,0.3090909090909091,4,1772
555,0,0.43636363636363634,9,1292
556,1,0.9999999999999999,1,1060
557,1,0.6181818181818182,20,1855
558,0,0.43636363636363634,7,2044
559,1,0.7999999999999999,15,2584
560,0,0.3090909090909091,14,2172
561,1,0.6181818181818182,20,1592
562,1,0.43636363636363634,4,1789
563,1,0.7999999999999999,1,1691
564,1,0.43636363636363634,16,1494
565,1,0.43636363636363634,17,2926
566,1,0.6181818181818182,20,1752
567,0,0.8909090909090909,17,764
568,0,0.3090909090909091,4,3306
569,1,0.43636363636363634,4,1207
570,1,0.8909090909090909,5,3191
571,1,0.3090909090909091,4,2111
572,0,0.6181818181818182,2,3364
573,1,0.43636363636363634,19,2774
574,1,0.43636363636363634,12,2930
575,0,0.7999999999999999,15,830
576,1,0.6181818181818182,0,93
577,1,0.3090909090909091,17,2765
578,1,0.43636363636363634,5,1173
579,1,0.0,10,369
580,1,0.8909090909090909,14,2304
581,1,0.3090909090909091,4,2218
582,0,0.43636363636363634,0,1588
583,0,0.43636363636363634,0,3082
584,1,0.3090909090909091,1,1789
585,1,0.6181818181818182,14,1759
586,1,0.43636363636363634,20,2967
587,0,0.43636363636363634,11,918
588,1,0.3090909090909091,2,2771
589,0,0.6181818181818182,6,3336
590,1,0.43636363636363634,0,2380
591,1,0.3090909090909091,0,2912
592,0,0.8909090909090909,1,2869
593,0,0.9999999999999999,13,2015
594,1,0.43636363636363634,7,412
595,0,0.43636363636363634,1,75
596,1,0.6181818181818182,12,2537
597,1,0.6181818181818182,7,3203
598,1,0.8909090909090909,6,1794
599,1,0.6181818181818182,17,2210
600,0,0.3090909090909091,20,273
601,0,0.9999999999999999,6,617
602,0,0.43636363636363634,6,1141
603,1,0.7999999999999999,17,1141
604,0,0.3090909090909091,4,1457
605,0,0.0,10,1704
606,1,0.43636363636363634,0,1409
607,1,0.3090909090909091,4,687
608,1,0.43636363636363634,7,406
609,1,0.43636363636363634,4,2400
610,1,0.6181818181818182,0,804
611,1,0.8909090909090909,7,3156
612,1,0.6181818181818182,20,443
613,1,0.6181818181818182,1,2746
614,1,0.8909090909090909,17,1177
615,1,0.43636363636363634,7,3061
616,0,0.43636363636363634,7,2922
617,1,0.43636363636363634,0,2311
618,0,0.3090909090909091,1,3130
619,1,0.3090909090909091,0,580
620,1,0.3090909090909091,4,3019
621,1,0.43636363636363634,0,2954
622,1,0.43636363636363634,17,2066
623,1,0.43636363636363634,1,2351
624,0,0.6181818181818182,12,1423
625,1,0.3090909090909091,4,2392
626,1,0.8909090909090909,2,3287
627,0,0.6181818181818182,0,804
628,0,0.0,10,1615
629,0,0.6181818181818182,14,2563
630,1,0.6181818181818182,17,1019
631,1,0.7999999999999999,17,329
632,1,0.43636363636363634,17,3070
633,0,0.0,10,1706
634,1,0.9999999999999999,17,1232
635,1,0.3090909090909091,20,2902
636,1,0.6181818181818182,12,3279
637,1,0.43636363636363634,6,2441
638,1,0.7999999999999999,17,2642
639,1,0.3090909090909091,4,1575
640,0,0.6181818181818182,0,1862
641,0,0.6181818181818182,1,2455
642,1,0.43636363636363634,2,917
643,1,0.43636363636363634,20,3022
644,1,0.6181818181818182,20,473
645,1,0.6181818181818182,7,368
646,1,0.6181818181818182,12,2648
647,0,0.43636363636363634,12,3070
648,1,0.43636363636363634,4,2564
649,1,0.43636363636363634,17,1695
650,1,0.6181818181818182,7,827
651,1,0.3090909090909091,20,532
652,1,0.9999999999999999,13,2969
653,1,0.8909090909090909,7,2328
654,0,0.43636363636363634,2,2962
655,0,0.7999999999999999,16,2915
656,0,0.8909090909090909,13,1252
657,0,0.43636363636363634,0,414
658,0,0.43636363636363634,0,1005
659,1,0.7999999999999999,16,2258
660,1,0.7999999999999999,1,570
661,1,0.3090909090909091,4,3423
662,0,0.43636363636363634,7,537
663,1,0.6181818181818182,18,2321
664,1,0.3090909090909091,2,587
665,0,0.3090909090909091,0,370
666,1,0.43636363636363634,18,3392
667,0,0.43636363636363634,3,867
668,1,0.43636363636363634,17,1089
669,1,0.43636363636363634,12,1086
670,1,0.3090909090909091,4,2110
671,1,0.6181818181818182,7,1564
672,1,0.43636363636363634,20,416
673,1,0.43636363636363634,17,867
674,1,0.43636363636363634,20,82
675,1,0.3090909090909091,16,1875
676,1,0.8909090909090909,2,3067
677,1,0.43636363636363634,0,1257
678,1,0.6181818181818182,16,1051
679,1,0.43636363636363634,12,1277
680,1,0.6181818181818182,7,1104
681,1,0.43636363636363634,4,974
682,1,0.43636363636363634,4,977
683,1,0.43636363636363634,4,974
684,1,0.43636363636363634,4,977
685,1,0.3090909090909091,4,977
686,0,0.43636363636363634,7,601
687,1,0.9999999999999999,13,590
688,0,0.8909090909090909,0,1597
689,1,0.43636363636363634,12,2809
690,1,0.6181818181818182,11,3254
691,0,0.43636363636363634,0,2644
692,1,0.6181818181818182,12,3352
693,1,0.3090909090909091,4,2386
694,0,0.3090909090909091,1,232
695,1,0.43636363636363634,12,3060
696,0,0.8909090909090909,6,3303
697,1,0.3090909090909091,4,2386
698,1,0.3090909090909091,0,2303
699,1,0.8909090909090909,17,624
700,0,0.3090909090909091,4,7
701,1,0.6181818181818182,7,2816
702,0,0.9999999999999999,1,1418
703,0,0.6181818181818182,8,2674
704,1,0.43636363636363634,4,1587
705,1,0.6181818181818182,20,2478
706,1,0.6181818181818182,7,681
707,1,0.43636363636363634,0,1280
708,1,0.3090909090909091,0,2965
709,1,0.43636363636363634,20,2644
710,1,0.43636363636363634,18,2562
711,1,0.43636363636363634,0,3179
712,1,0.6181818181818182,7,2514
713,1,0.3090909090909091,4,2368
714,1,0.3090909090909091,0,1797
715,1,0.3090909090909091,4,3377
716,1,0.43636363636363634,11,2772
717,1,0.3090909090909091,2,2772
718,1,0.0,0,2336
719,1,0.3090909090909091,0,1875
720,0,0.6181818181818182,9,3320
721,1,0.43636363636363634,12,1853
722,1,0.43636363636363634,12,3332
723,1,0.8909090909090909,13,2783
724,1,0.9999999999999999,11,392
725,0,0.43636363636363634,9,2428
726,1,0.6181818181818182,11,3042
727,1,0.43636363636363634,6,498
728,1,0.6181818181818182,12,2661
729,1,0.43636363636363634,0,445
730,1,0.7999999999999999,3,1905
731,1,0.43636363636363634,7,307
732,1,0.6181818181818182,16,1062
733,1,0.43636363636363634,7,2770
734,1,0.43636363636363634,14,232
735,1,0.3090909090909091,12,313
736,1,0.0,19,1794
737,1,0.3090909090909091,17,3425
738,1,0.6181818181818182,12,1943
739,1,0.43636363636363634,14,950
740,1,0.43636363636363634,5,1422
741,1,0.3090909090909091,0,1820
742,0,0.0,2,2094
743,1,0.43636363636363634,17,2394
744,1,0.0,10,2739
745,0,0.3090909090909091,19,3155
746,1,0.3090909090909091,4,3403
747,1,0.43636363636363634,0,2020
748,1,0.6181818181818182,18,1961
749,0,0.6181818181818182,9,565
750,0,0.43636363636363634,17,3281
751,0,0.43636363636363634,3,3312
752,1,0.0,10,1375
753,1,0.6181818181818182,7,1322
754,0,0.6181818181818182,0,3030
755,1,0.6181818181818182,0,2765
756,1,0.43636363636363634,12,3312
757,1,0.6181818181818182,7,760
758,0,0.9999999999999999,3,2726
759,1,0.9999999999999999,15,3060
760,1,0.3090909090909091,7,3438
761,1,0.0,10,2138
762,1,0.3090909090909091,10,175
763,1,0.3090909090909091,20,2664
764,1,0.43636363636363634,17,2320
765,0,0.43636363636363634,7,3176
766,1,0.43636363636363634,12,1493
767,1,0.43636363636363634,12,674
768,1,0.7999999999999999,17,131
769,1,0.3090909090909091,4,3397
770,0,0.8909090909090909,1,2341
771,1,0.3090909090909091,12,2717
772,1,0.43636363636363634,6,1603
773,1,0.3090909090909091,4,904
774,1,0.0,17,1959
775,0,0.43636363636363634,3,2961
776,1,0.3090909090909091,19,2697
777,1,0.3090909090909091,17,1158
778,1,0.43636363636363634,0,2031
779,1,0.43636363636363634,17,2877
780,1,0.3090909090909091,4,3166
781,1,0.9999999999999999,1,1009
782,1,0.43636363636363634,4,1789
783,1,0.3090909090909091,0,462
784,1,0.3090909090909091,19,1034
785,1,0.43636363636363634,0,1951
786,1,0.3090909090909091,4,2446
787,1,0.43636363636363634,0,1295
788,1,0.3090909090909091,1,2222
789,1,0.43636363636363634,17,1515
790,1,0.6181818181818182,7,975
791,1,0.43636363636363634,17,7
792,0,0.6181818181818182,14,1281
793,1,0.8909090909090909,20,441
794,0,0.6181818181818182,14,736
795,1,0.8909090909090909,6,3384
796,0,0.8909090909090909,7,795
797,0,0.43636363636363634,20,1658
798,0,0.43636363636363634,5,3396
799,0,0.6181818181818182,12,2273
800,0,0.43636363636363634,20,3219
801,1,0.43636363636363634,16,899
802,1,0.3090909090909091,4,2223
803,1,0.43636363636363634,20,2753
804,1,0.6181818181818182,12,1290
805,1,0.6181818181818182,0,1258
806,1,0.3090909090909091,4,2707
807,1,0.43636363636363634,7,2649
808,1,0.43636363636363634,17,2259
809,1,0.43636363636363634,12,3327
810,1,0.8909090909090909,0,3040
811,1,0.43636363636363634,6,1317
812,1,0.3090909090909091,4,2243
813,0,0.3090909090909091,4,2954
814,1,0.43636363636363634,4,1284
815,1,0.7999999999999999,0,2917
816,1,0.3090909090909091,4,1362
817,1,0.3090909090909091,4,2023
818,1,0.6181818181818182,7,2075
819,1,0.6181818181818182,7,2500
820,1,0.3090909090909091,2,611
821,0,0.43636363636363634,1,334
822,1,0.43636363636363634,0,2908
823,1,0.6181818181818182,12,3096
824,1,0.9999999999999999,1,1338
825,0,0.6181818181818182,1,2540
826,1,0.7999999999999999,2,1904
827,1,0.3090909090909091,4,2266
828,1,0.0,19,1794
829,1,0.6181818181818182,7,2092
830,0,0.7999999999999999,0,821
831,1,0.3090909090909091,2,757
832,1,0.6181818181818182,7,1562
833,0,0.6181818181818182,12,2476
834,1,0.9999999999999999,0,3147
835,1,0.43636363636363634,11,416
836,1,0.9999999999999999,7,370
837,1,0.8909090909090909,17,2970
838,1,0.43636363636363634,0,3352
839,0,0.43636363636363634,3,169
840,0,0.8909090909090909,14,2923
841,0,0.3090909090909091,0,1848
842,1,0.43636363636363634,7,1685
843,1,0.43636363636363634,0,2925
844,0,0.3090909090909091,0,778
845,1,0.43636363636363634,5,2539
846,0,0.43636363636363634,7,2546
847,1,0.43636363636363634,15,3066
848,1,0.43636363636363634,3,2324
849,1,0.6181818181818182,0,2087
850,1,0.3090909090909091,4,2359
851,1,0.43636363636363634,5,2914
852,1,0.43636363636363634,17,1934
853,0,0.43636363636363634,16,1421
854,0,0.3090909090909091,2,2283
855,0,0.7999999999999999,6,137
856,1,0.6181818181818182,17,499
857,1,0.6181818181818182,14,407
858,1,0.43636363636363634,12,428
859,1,0.3090909090909091,0,2464
860,1,0.43636363636363634,7,1278
861,1,0.6181818181818182,7,412
862,1,0.43636363636363634,7,2127
863,0,0.43636363636363634,0,3284
864,1,0.6181818181818182,1,2869
865,1,0.0,10,380
866,1,0.7999999999999999,12,3220
867,1,0.8909090909090909,17,46
868,1,0.3090909090909091,20,2897
869,0,0.43636363636363634,1,109
870,1,0.0,10,2368
871,1,0.8909090909090909,1,814
872,1,0.9999999999999999,6,707
873,1,0.7999999999999999,15,956
874,1,0.0,10,3131
875,1,0.43636363636363634,4,1384
876,1,0.43636363636363634,0,2804
877,1,0.3090909090909091,2,47
878,1,0.7999999999999999,16,2892
879,1,0.6181818181818182,17,3060
880,1,0.3090909090909091,14,2386
881,1,0.3090909090909091,2,47
882,0,0.6181818181818182,14,2972
883,1,0.0,10,1696
884,1,0.6181818181818182,0,1601
885,0,0.9999999999999999,0,629
886,0,0.9999999999999999,16,1888
887,0,0.0,10,380
888,1,0.7999999999999999,20,417
889,1,0.3090909090909091,4,2932
890,1,0.43636363636363634,1,2534
891,1,0.6181818181818182,0,2371
892,0,0.8909090909090909,6,2633
893,1,0.3090909090909091,4,1122
894,1,0.8909090909090909,1,1251
895,1,0.3090909090909091,15,3033
896,1,0.43636363636363634,6,2930
897,1,0.43636363636363634,7,2392
898,0,0.43636363636363634,1,1107
899,0,0.9999999999999999,13,2767
900,0,0.9999999999999999,0,2898
901,1,0.9999999999999999,0,1510
902,1,0.9999999999999999,13,2348
903,1,0.6181818181818182,20,2937
904,0,0.7999999999999999,12,1021
905,1,0.0,10,2267
906,0,0.7999999999999999,6,2922
907,0,0.8909090909090909,1,2912
908,1,0.7999999999999999,7,2989
909,0,0.8909090909090909,0,3382
910,1,0.8909090909090909,0,3382
911,0,0.6181818181818182,2,2839
912,1,0.43636363636363634,0,809
913,0,0.6181818181818182,9,1098
914,1,0.43636363636363634,7,2286
915,0,0.43636363636363634,1,2909
916,1,0.8909090909090909,6,2922
917,0,0.7999999999999999,1,2883
918,0,0.6181818181818182,1,2903
919,1,0.3090909090909091,4,2934
920,1,0.43636363636363634,17,2909
921,1,0.9999999999999999,16,1581
922,1,0.43636363636363634,7,1291
923,1,0.8909090909090909,17,3408
924,0,0.6181818181818182,3,1591
925,1,0.0,10,343
926,0,0.43636363636363634,20,2826
927,0,0.9999999999999999,16,3378
928,1,0.43636363636363634,15,1792
929,1,0.43636363636363634,5,3390
930,0,0.9999999999999999,1,256
931,0,0.6181818181818182,6,3324
932,1,0.7999999999999999,1,1691
933,0,0.6181818181818182,7,3312
934,1,0.6181818181818182,14,2062
935,1,0.3090909090909091,4,1247
936,1,0.43636363636363634,15,2058
937,0,0.43636363636363634,1,13
938,0,0.43636363636363634,20,785
939,1,0.0,10,2382
940,1,0.3090909090909091,20,1506
941,0,0.8909090909090909,6,2675
942,0,0.7999999999999999,12,354
943,1,0.6181818181818182,0,2862
944,1,0.7999999999999999,7,1687
945,1,0.6181818181818182,7,1599
946,1,0.3090909090909091,0,834
947,1,0.9999999999999999,12,1378
948,1,0.8909090909090909,17,3248
949,1,0.6181818181818182,7,838
950,1,0.7999999999999999,2,403
951,1,0.9999999999999999,16,3319
952,1,0.8909090909090909,20,3269
953,0,0.43636363636363634,0,836
954,0,0.8909090909090909,7,3144
955,1,0.6181818181818182,1,1851
956,1,0.6181818181818182,1,1052
957,1,0.6181818181818182,2,1606
958,1,0.8909090909090909,11,1467
959,1,0.0,10,1496
960,1,0.3090909090909091,10,409
961,0,0.43636363636363634,1,2524
962,1,0.43636363636363634,0,1624
963,1,0.43636363636363634,7,3068
964,1,0.9999999999999999,7,456
965,1,0.9999999999999999,2,2935
966,0,0.3090909090909091,0,1410
967,1,0.8909090909090909,12,3096
968,0,0.43636363636363634,11,720
969,1,0.43636363636363634,0,990
970,1,0.43636363636363634,12,1410
971,1,0.7999999999999999,1,103
972,0,0.43636363636363634,1,2526
973,1,0.6181818181818182,19,3140
974,1,0.6181818181818182,0,3370
975,1,0.6181818181818182,14,2714
976,1,0.43636363636363634,2,2528
977,1,0.3090909090909091,0,726
978,1,0.0,10,1591
979,1,0.43636363636363634,6,2891
980,1,0.43636363636363634,20,106
981,0,0.43636363636363634,9,2904
982,0,0.43636363636363634,16,3427
983,1,0.8909090909090909,16,2929
984,1,0.43636363636363634,4,1155
985,0,0.9999999999999999,0,702
986,0,0.6181818181818182,17,1596
987,1,0.8909090909090909,11,1665
988,1,0.8909090909090909,0,802
989,1,0.3090909090909091,6,401
990,0,0.43636363636363634,9,1597
991,0,0.6181818181818182,3,165
992,1,0.43636363636363634,0,1514
993,1,0.3090909090909091,2,2918
994,0,0.3090909090909091,4,3252
995,1,0.43636363636363634,17,3351
996,1,0.0,19,657
997,1,0.7999999999999999,20,412
998,1,0.43636363636363634,15,2128
999,0,0.43636363636363634,6,2749
1000,1,0.43636363636363634,4,2771
1001,1,0.8909090909090909,11,310
1002,1,0.43636363636363634,2,741
1003,1,0.43636363636363634,3,3179
1004,1,0.6181818181818182,11,350
1005,1,0.3090909090909091,4,1775
1006,1,0.8909090909090909,12,76
1007,1,0.6181818181818182,3,2412
1008,1,0.8909090909090909,7,1640
1009,1,0.43636363636363634,0,430
1010,1,0.43636363636363634,8,2920
1011,0,0.6181818181818182,1,1056
1012,1,0.9999999999999999,13,155
1013,0,0.7999999999999999,17,185
1014,1,0.6181818181818182,3,476
1015,1,0.9999999999999999,16,2002
1016,1,0.6181818181818182,0,1115
1017,1,0.3090909090909091,4,3209
1018,1,0.6181818181818182,1,2087
1019,1,0.3090909090909091,20,3016
1020,1,0.6181818181818182,0,3105
1021,1,0.43636363636363634,3,4
1022,1,0.9999999999999999,13,2973
1023,0,0.6181818181818182,1,2314
1024,1,0.43636363636363634,16,1250
1025,0,0.7999999999999999,0,731
1026,1,0.3090909090909091,4,2392
1027,0,0.7999999999999999,7,210
1028,1,0.43636363636363634,0,779
1029,1,0.43636363636363634,7,3301
1030,1,0.6181818181818182,16,767
1031,1,0.8909090909090909,16,753
1032,1,0.43636363636363634,5,2015
1033,0,0.6181818181818182,1,2589
1034,1,0.3090909090909091,2,659
1035,1,0.6181818181818182,7,1000
1036,1,0.7999999999999999,7,86
1037,0,0.9999999999999999,15,797
1038,0,0.6181818181818182,1,126
1039,1,0.43636363636363634,11,2385
1040,1,0.7999999999999999,2,3078
1041,1,0.6181818181818182,5,2983
1042,0,0.8909090909090909,11,2685
1043,1,0.43636363636363634,20,2283
1044,0,0.0,10,2431
1045,1,0.9999999999999999,18,1781
1046,1,0.3090909090909091,0,2123
1047,1,0.6181818181818182,6,2353
1048,1,0.7999999999999999,14,3150
1049,1,0.43636363636363634,1,3300
1050,0,0.43636363636363634,0,2058
1051,0,0.6181818181818182,2,2352
1052,1,0.6181818181818182,0,694
1053,1,0.0,10,2330
1054,1,0.6181818181818182,0,2862
1055,1,0.0,0,1611
1056,1,0.7999999999999999,17,2294
1057,1,0.43636363636363634,1,3302
1058,0,0.43636363636363634,0,3290
1059,1,0.3090909090909091,10,480
1060,1,0.7999999999999999,0,1524
1061,1,0.8909090909090909,19,1986
1062,1,0.6181818181818182,7,1724
1063,1,0.43636363636363634,7,2845
1064,0,0.43636363636363634,0,3081
1065,1,0.7999999999999999,12,114
1066,1,0.6181818181818182,12,3081
1067,0,0.3090909090909091,4,2440
1068,1,0.43636363636363634,20,3353
1069,0,0.7999999999999999,2,781
1070,1,0.8909090909090909,16,562
1071,0,0.6181818181818182,7,327
1072,0,0.43636363636363634,6,2277
1073,1,0.7999999999999999,17,1591
1074,0,0.43636363636363634,6,2094
1075,0,0.43636363636363634,3,985
1076,1,0.43636363636363634,3,2094
1077,0,0.7999999999999999,9,3211
1078,1,0.43636363636363634,7,3360
1079,1,0.9999999999999999,7,386
1080,1,0.3090909090909091,4,2234
1081,1,0.7999999999999999,7,1618
1082,1,0.9999999999999999,0,992
1083,1,0.0,19,192
1084,1,0.43636363636363634,7,1253
1085,1,0.3090909090909091,4,3381
1086,1,0.43636363636363634,16,383
1087,0,0.0,10,3352
1088,1,0.6181818181818182,6,1305
1089,1,0.43636363636363634,7,3053
1090,1,0.3090909090909091,5,1246
1091,0,0.3090909090909091,4,1707
1092,1,0.8909090909090909,14,2055
1093,0,0.3090909090909091,0,2960
1094,0,0.9999999999999999,6,375
1095,1,0.0,10,2557
1096,1,0.3090909090909091,17,2918
1097,1,0.6181818181818182,7,3145
1098,1,0.43636363636363634,17,2411
1099,1,0.43636363636363634,0,2018
1100,1,0.6181818181818182,1,278
1101,1,0.3090909090909091,1,1903
1102,0,0.7999999999999999,7,2071
1103,1,0.6181818181818182,11,416
1104,1,0.6181818181818182,6,1601
1105,1,0.3090909090909091,4,2777
1106,0,0.8909090909090909,1,123
1107,1,0.9999999999999999,1,3000
1108,1,0.3090909090909091,10,1521
1109,0,0.9999999999999999,6,2392
1110,0,0.8909090909090909,16,1453
1111,1,0.3090909090909091,6,721
1112,1,0.3090909090909091,4,3292
1113,0,0.3090909090909091,9,2366
1114,0,0.43636363636363634,1,2065
1115,1,0.43636363636363634,15,2925
1116,1,0.3090909090909091,14,410
1117,1,0.8909090909090909,13,160
1118,1,0.6181818181818182,1,2798
1119,1,0.3090909090909091,4,3209
1120,1,0.9999999999999999,7,2481
1121,1,0.9999999999999999,14,157
1122,1,0.8909090909090909,0,2879
1123,1,0.43636363636363634,2,2031
1124,0,0.3090909090909091,4,1797
1125,1,0.9999999999999999,16,558
1126,1,0.43636363636363634,0,511
1127,1,0.43636363636363634,1,2283
1128,1,0.6181818181818182,17,889
1129,1,0.3090909090909091,7,1994
1130,1,0.9999999999999999,13,544
1131,1,0.3090909090909091,12,3381
1132,1,0.3090909090909091,2,2758
1133,1,0.3090909090909091,20,725
1134,1,0.8909090909090909,13,3379
1135,0,0.6181818181818182,7,2785
1136,1,0.3090909090909091,4,577
1137,1,0.3090909090909091,12,518
1138,1,0.43636363636363634,1,3011
1139,0,0.7999999999999999,2,2294
1140,0,0.43636363636363634,3,2629
1141,1,0.3090909090909091,1,1412
1142,1,0.8909090909090909,7,3035
1143,1,0.43636363636363634,7,3036
1144,1,0.8909090909090909,3,2912
1145,0,0.3090909090909091,16,2551
1146,1,0.43636363636363634,20,3350
1147,1,0.6181818181818182,17,2957
1148,1,0.43636363636363634,12,3352
1149,0,0.43636363636363634,20,2354
1150,1,0.43636363636363634,15,1558
1151,1,0.3090909090909091,4,1095
1152,1,0.3090909090909091,10,1182
1153,0,0.0,10,1785
1154,1,0.43636363636363634,12,2787
1155,0,0.8909090909090909,2,1211
1156,1,0.7999999999999999,7,1083
1157,0,0.6181818181818182,1,3331
1158,1,0.3090909090909091,0,1639
1159,1,0.3090909090909091,14,304
1160,1,0.43636363636363634,0,418
1161,0,0.6181818181818182,0,3290
1162,1,0.0,10,2254
1163,0,0.43636363636363634,19,2745
1164,1,0.43636363636363634,12,1475
1165,1,0.9999999999999999,6,3037
1166,0,0.8909090909090909,1,1872
1167,0,0.43636363636363634,0,3056
1168,1,0.43636363636363634,20,3081
1169,1,0.9999999999999999,3,416
1170,1,0.7999999999999999,12,3060
1171,0,0.43636363636363634,0,2111
1172,0,0.43636363636363634,7,412
1173,0,0.3090909090909091,16,2878
1174,0,0.43636363636363634,2,2745
1175,1,0.9999999999999999,1,1440
1176,0,0.43636363636363634,17,24
1177,1,0.9999999999999999,0,1621
1178,1,0.8909090909090909,1,2822
1179,0,0.8909090909090909,20,3205
1180,1,0.6181818181818182,7,805
1181,1,0.0,10,2841
1182,1,0.6181818181818182,19,3115
1183,0,0.43636363636363634,4,2943
1184,0,0.6181818181818182,1,3310
1185,1,0.3090909090909091,19,3399
1186,0,0.0,0,2771
1187,1,0.7999999999999999,7,2278
1188,1,0.43636363636363634,0,2674
1189,1,0.7999999999999999,0,3335
1190,0,0.6181818181818182,0,3362
1191,1,0.8909090909090909,16,3352
1192,1,0.43636363636363634,12,2808
1193,0,0.43636363636363634,1,3210
1194,0,0.0,10,598
1195,0,0.3090909090909091,14,878
1196,1,0.6181818181818182,1,1419
1197,1,0.0,10,1709
1198,1,0.8909090909090909,13,2430
1199,1,0.0,0,3294
1200,1,0.3090909090909091,4,2623
1201,1,0.6181818181818182,12,3267
1202,0,0.43636363636363634,1,278
1203,1,0.43636363636363634,7,3166
1204,0,0.9999999999999999,0,1560
1205,0,0.8909090909090909,7,1231
1206,1,0.8909090909090909,0,1411
1207,1,0.43636363636363634,0,546
1208,1,0.6181818181818182,7,3069
1209,1,0.43636363636363634,17,981
1210,1,0.3090909090909091,4,419
1211,0,0.8909090909090909,1,2017
1212,1,0.8909090909090909,0,2862
1213,1,0.9999999999999999,13,3104
1214,1,0.6181818181818182,17,937
1215,1,0.43636363636363634,2,2790
1216,1,0.43636363636363634,12,3064
1217,1,0.9999999999999999,15,579
1218,1,0.43636363636363634,7,531
1219,1,0.0,10,1591
1220,1,0.3090909090909091,0,733
1221,1,0.6181818181818182,0,1745
1222,1,0.43636363636363634,2,2021
1223,1,0.8909090909090909,13,96
1224,1,0.7999999999999999,7,2099
1225,1,0.3090909090909091,20,314
1226,1,0.8909090909090909,1,2749
1227,1,0.43636363636363634,1,3134
1228,0,0.43636363636363634,4,1628
1229,1,0.43636363636363634,11,3174
1230,1,0.43636363636363634,12,2059
1231,0,0.3090909090909091,4,1397
1232,0,0.7999999999999999,20,3090
1233,1,0.3090909090909091,4,2819
1234,0,0.43636363636363634,7,3040
1235,0,0.43636363636363634,1,1641
1236,1,0.3090909090909091,4,1161
1237,0,0.6181818181818182,20,473
1238,0,0.43636363636363634,20,1721
1239,0,0.3090909090909091,14,109
1240,1,0.0,10,515
1241,0,0.6181818181818182,0,408
1242,1,0.6181818181818182,15,2961
1243,1,0.43636363636363634,4,862
1244,1,0.43636363636363634,17,2559
1245,1,0.3090909090909091,4,3381
1246,1,0.6181818181818182,0,2967
1247,0,0.6181818181818182,20,3115
1248,1,0.6181818181818182,2,3113
1249,1,0.8909090909090909,0,444
1250,1,0.43636363636363634,7,1623
1251,1,0.9999999999999999,13,3073
1252,0,0.6181818181818182,20,2381
1253,0,0.3090909090909091,1,109
1254,1,0.43636363636363634,17,3057
1255,1,0.43636363636363634,20,399
1256,0,0.3090909090909091,14,2615
1257,1,0.7999999999999999,7,824
1258,1,0.6181818181818182,7,798
1259,1,0.43636363636363634,17,1012
1260,1,0.3090909090909091,4,1346
1261,1,0.43636363636363634,4,904
1262,1,0.0,10,2582
1263,1,0.43636363636363634,1,1794
1264,0,0.3090909090909091,20,1685
1265,1,0.43636363636363634,4,692
1266,1,0.43636363636363634,15,530
1267,1,0.8909090909090909,2,420
1268,0,0.9999999999999999,13,18
1269,1,0.43636363636363634,6,533
1270,0,0.7999999999999999,6,1809
1271,1,0.3090909090909091,20,1703
1272,1,0.6181818181818182,2,729
1273,1,0.7999999999999999,7,1293
1274,1,0.8909090909090909,17,1339
1275,1,0.6181818181818182,17,3039
1276,0,0.3090909090909091,0,274
1277,1,0.3090909090909091,4,3387
1278,1,0.6181818181818182,1,3399
1279,1,0.0,10,3323
1280,1,0.43636363636363634,19,3286
1281,1,0.8909090909090909,1,3402
1282,0,0.3090909090909091,1,3118
1283,1,0.7999999999999999,16,1211
1284,1,0.6181818181818182,4,3367
1285,1,0.6181818181818182,17,2963
1286,0,0.8909090909090909,7,3122
1287,0,0.6181818181818182,19,2994
1288,1,0.7999999999999999,6,2497
1289,1,0.6181818181818182,0,2861
1290,0,0.6181818181818182,0,405
1291,1,0.43636363636363634,7,3139
1292,1,0.43636363636363634,5,2014
1293,0,0.8909090909090909,20,474
1294,0,0.6181818181818182,6,2757
1295,1,0.0,0,2358
1296,1,0.43636363636363634,7,2918
1297,1,0.6181818181818182,6,1222
1298,1,0.43636363636363634,14,81
1299,1,0.0,10,3281
1300,0,0.43636363636363634,2,438
1301,1,0.3090909090909091,4,2659
1302,1,0.43636363636363634,19,3058
1303,1,0.43636363636363634,14,3283
1304,1,0.7999999999999999,20,3066
1305,1,0.43636363636363634,3,2173
1306,1,0.9999999999999999,13,2365
1307,1,0.0,10,2340
1308,1,0.43636363636363634,14,2373
1309,1,0.7999999999999999,0,2993
1310,1,0.3090909090909091,10,2785
1311,1,0.43636363636363634,14,2030
1312,1,0.3090909090909091,4,1389
1313,0,0.3090909090909091,4,2235
1314,1,0.6181818181818182,7,2352
1315,1,0.8909090909090909,2,1728
1316,1,0.7999999999999999,7,3333
1317,1,0.3090909090909091,16,3032
1318,0,0.43636363636363634,3,3406
1319,1,0.43636363636363634,4,862
1320,0,0.43636363636363634,14,1249
1321,1,0.9999999999999999,0,3040
1322,0,0.6181818181818182,2,475
1323,1,0.6181818181818182,16,307
1324,1,0.43636363636363634,1,2356
1325,0,0.43636363636363634,0,3360
1326,1,0.0,10,525
1327,1,0.6181818181818182,14,2092
1328,1,0.3090909090909091,14,2039
1329,1,0.9999999999999999,1,3167
1330,1,0.7999999999999999,0,520
1331,1,0.43636363636363634,7,171
1332,1,0.43636363636363634,17,283
1333,1,0.8909090909090909,7,453
1334,1,0.6181818181818182,0,605
1335,0,0.8909090909090909,20,3163
1336,1,0.9999999999999999,17,3280
1337,1,0.43636363636363634,0,3055
1338,1,0.6181818181818182,18,2657
1339,1,0.43636363636363634,7,607
1340,1,0.3090909090909091,7,491
1341,1,0.6181818181818182,0,3106
1342,1,0.6181818181818182,14,2839
1343,0,0.43636363636363634,9,1402
1344,0,0.43636363636363634,2,2336
1345,1,0.6181818181818182,20,986
1346,0,0.3090909090909091,1,487
1347,0,0.0,10,232
1348,1,0.8909090909090909,7,568
1349,0,0.6181818181818182,0,2787
1350,0,0.43636363636363634,17,3338
1351,1,0.6181818181818182,20,3067
1352,1,0.0,10,3235
1353,0,0.43636363636363634,2,3038
1354,0,0.7999999999999999,20,232
1355,0,0.3090909090909091,4,2868
1356,1,0.7999999999999999,0,1241
1357,1,0.6181818181818182,17,1705
1358,1,0.6181818181818182,1,454
1359,1,0.43636363636363634,20,633
1360,0,0.43636363636363634,0,3312
1361,1,0.6181818181818182,12,2335
1362,1,0.8909090909090909,7,71
1363,0,0.7999999999999999,2,3291
1364,0,0.0,10,2108
1365,1,0.0,10,2736
1366,1,0.43636363636363634,12,1793
1367,0,0.43636363636363634,3,1726
1368,1,0.43636363636363634,5,535
1369,1,0.6181818181818182,2,2988
1370,0,0.8909090909090909,2,2092
1371,1,0.0,10,3172
1372,0,0.43636363636363634,1,1851
1373,1,0.8909090909090909,1,2854
1374,0,0.7999999999999999,5,3179
1375,0,0.7999999999999999,1,1163
1376,1,0.6181818181818182,16,2194
1377,0,0.7999999999999999,7,838
1378,0,0.9999999999999999,13,3014
1379,1,0.0,10,1974
1380,1,0.3090909090909091,11,2727
1381,0,0.7999999999999999,1,2910
1382,0,0.43636363636363634,7,768
1383,1,0.3090909090909091,10,3346
1384,0,0.43636363636363634,5,2782
1385,0,0.43636363636363634,0,305
1386,0,0.8909090909090909,13,3126
1387,1,0.9999999999999999,20,2689
1388,1,0.43636363636363634,17,765
1389,1,0.6181818181818182,16,3428
1390,1,0.6181818181818182,15,806
1391,1,0.7999999999999999,3,2740
1392,1,0.3090909090909091,4,279
1393,0,0.43636363636363634,3,3063
1394,1,0.43636363636363634,2,305
1395,0,0.43636363636363634,12,3096
1396,1,0.6181818181818182,7,1946
1397,0,0.9999999999999999,16,3139
1398,1,0.3090909090909091,17,452
1399,1,0.43636363636363634,7,2930
1400,0,0.3090909090909091,1,3112
1401,1,0.3090909090909091,4,2800
1402,0,0.43636363636363634,0,1795
1403,1,0.8909090909090909,16,2849
1404,1,0.9999999999999999,13,1216
1405,1,0.43636363636363634,4,2886
1406,0,0.6181818181818182,15,1790
1407,1,0.43636363636363634,0,2762
1408,1,0.3090909090909091,4,3292
1409,1,0.8909090909090909,7,3083
1410,1,0.6181818181818182,1,360
1411,1,0.43636363636363634,17,3049
1412,1,0.3090909090909091,3,3366
1413,1,0.3090909090909091,4,2637
1414,1,0.7999999999999999,14,902
1415,1,0.43636363636363634,14,3350
1416,1,0.6181818181818182,16,437
1417,1,0.3090909090909091,4,1624
1418,0,0.43636363636363634,1,3186
1419,1,0.3090909090909091,4,20
1420,0,0.0,10,1790
1421,1,0.6181818181818182,17,1949
1422,1,0.43636363636363634,4,370
1423,1,0.6181818181818182,0,1008
1424,1,0.0,10,388
1425,1,0.3090909090909091,14,3046
1426,1,0.43636363636363634,12,854
1427,0,0.7999999999999999,11,1345
1428,0,0.6181818181818182,3,478
1429,1,0.3090909090909091,4,3292
1430,1,0.9999999999999999,6,2821
1431,1,0.6181818181818182,1,3102
1432,0,0.3090909090909091,14,1702
1433,0,0.0,10,1708
1434,1,0.43636363636363634,14,1597
1435,0,0.8909090909090909,6,3266
1436,1,0.8909090909090909,3,2710
1437,1,0.3090909090909091,2,852
1438,1,0.6181818181818182,3,3340
1439,1,0.6181818181818182,12,3091
1440,1,0.6181818181818182,16,1818
1441,1,0.3090909090909091,2,537
1442,1,0.6181818181818182,2,3344
1443,0,0.43636363636363634,4,2827
1444,1,0.43636363636363634,2,3357
1445,1,0.6181818181818182,12,428
1446,1,0.3090909090909091,4,2562
1447,0,0.43636363636363634,3,679
1448,1,0.6181818181818182,20,675
1449,1,0.3090909090909091,4,3128
1450,1,0.6181818181818182,20,2741
1451,0,0.9999999999999999,13,2811
1452,1,0.43636363636363634,14,755
1453,1,0.3090909090909091,4,3008
1454,0,0.7999999999999999,0,2928
1455,1,0.43636363636363634,2,3348
1456,1,0.43636363636363634,1,3202
1457,1,0.0,0,358
1458,0,0.43636363636363634,0,2527
1459,0,0.3090909090909091,4,3178
1460,0,0.7999999999999999,0,3061
1461,1,0.6181818181818182,16,3194
1462,1,0.8909090909090909,16,2955
1463,1,0.6181818181818182,12,2333
1464,1,0.8909090909090909,16,3000
1465,1,0.3090909090909091,4,1031
1466,1,0.43636363636363634,5,3268
1467,1,0.0,14,736
1468,1,0.9999999999999999,20,3197
1469,1,0.3090909090909091,4,3064
1470,1,0.43636363636363634,17,466
1471,1,0.43636363636363634,7,2779
1472,1,0.43636363636363634,14,285
1473,1,0.43636363636363634,4,3360
1474,0,0.43636363636363634,2,2338
1475,0,0.3090909090909091,0,2822
1476,0,0.7999999999999999,1,2800
1477,1,0.0,10,2958
1478,0,0.8909090909090909,2,3085
1479,1,0.43636363636363634,20,2852
1480,1,0.6181818181818182,17,2417
1481,1,0.43636363636363634,7,3071
1482,1,0.3090909090909091,4,1812
1483,1,0.43636363636363634,12,311
1484,0,0.43636363636363634,9,2566
1485,1,0.43636363636363634,16,2805
1486,1,0.6181818181818182,7,328
1487,1,0.43636363636363634,7,3099
1488,0,0.6181818181818182,2,2040
1489,1,0.8909090909090909,7,2799
1490,1,0.3090909090909091,4,285
1491,1,0.43636363636363634,12,3351
1492,0,0.43636363636363634,14,2092
1493,1,0.43636363636363634,17,1324
1494,1,0.3090909090909091,0,2423
1495,1,0.43636363636363634,17,3055
1496,1,0.8909090909090909,5,2542
1497,1,0.3090909090909091,4,104
1498,1,0.0,10,744
1499,1,0.43636363636363634,17,3360
1500,1,0.43636363636363634,11,2366
1501,1,0.3090909090909091,4,528
1502,1,0.43636363636363634,12,2976
1503,1,0.3090909090909091,19,862
1504,1,0.8909090909090909,11,2760
1505,1,0.43636363636363634,7,372
1506,1,0.6181818181818182,17,3203
1507,0,0.0,10,3100
1508,1,0.0,0,515
1509,0,0.43636363636363634,1,1588
1510,1,0.6181818181818182,12,391
1511,1,0.43636363636363634,20,464
1512,0,0.6181818181818182,16,3151
1513,1,0.3090909090909091,4,3292
1514,1,0.43636363636363634,16,1645
1515,0,0.43636363636363634,12,1766
1516,1,0.3090909090909091,0,399
1517,1,0.43636363636363634,2,3230
1518,1,0.3090909090909091,4,1326
1519,1,0.43636363636363634,17,3086
1520,0,0.43636363636363634,7,391
1521,1,0.6181818181818182,20,418
1522,1,0.43636363636363634,17,3182
1523,1,0.3090909090909091,4,282
1524,0,0.43636363636363634,16,3130
1525,1,0.9999999999999999,17,2566
1526,1,0.3090909090909091,10,2461
1527,1,0.43636363636363634,15,3138
1528,1,0.3090909090909091,4,3298
1529,1,0.43636363636363634,4,1794
1530,1,0.7999999999999999,17,2051
1531,1,0.3090909090909091,14,1408
1532,1,0.7999999999999999,1,2271
1533,1,0.8909090909090909,12,527
1534,0,0.3090909090909091,20,2757
1535,0,0.6181818181818182,3,2591
1536,1,0.3090909090909091,20,134
1537,1,0.43636363636363634,3,895
1538,1,0.43636363636363634,3,128
1539,1,0.7999999999999999,0,3291
1540,1,0.9999999999999999,17,932
1541,1,0.3090909090909091,17,519
1542,1,0.43636363636363634,11,442
1543,1,0.43636363636363634,12,2161
1544,1,0.43636363636363634,20,778
1545,1,0.43636363636363634,4,904
1546,1,0.9999999999999999,13,93
1547,1,0.6181818181818182,1,1789
1548,1,0.6181818181818182,6,828
1549,1,0.3090909090909091,4,497
1550,1,0.43636363636363634,11,777
1551,1,0.7999999999999999,20,414
1552,0,0.43636363636363634,15,2179
1553,0,0.6181818181818182,12,669
1554,0,0.3090909090909091,0,777
1555,1,0.3090909090909091,4,1591
1556,0,0.3090909090909091,4,424
1557,1,0.3090909090909091,6,2075
1558,1,0.6181818181818182,8,408
1559,0,0.43636363636363634,3,2649
1560,0,0.3090909090909091,4,472
1561,1,0.3090909090909091,20,1406
1562,0,0.0,10,2694
1563,1,0.8909090909090909,1,16
1564,1,0.7999999999999999,17,2489
1565,1,0.6181818181818182,16,2436
1566,1,0.43636363636363634,12,285
1567,0,0.0,10,3048
1568,0,0.9999999999999999,13,335
1569,1,0.3090909090909091,17,2343
1570,1,0.43636363636363634,20,3337
1571,0,0.43636363636363634,3,116
1572,1,0.0,0,2432
1573,1,0.43636363636363634,6,2579
1574,0,0.8909090909090909,7,3146
1575,0,0.7999999999999999,9,2642
1576,1,0.9999999999999999,0,2280
1577,1,0.3090909090909091,4,877
1578,1,0.43636363636363634,0,2040
1579,0,0.3090909090909091,4,2380
1580,0,0.3090909090909091,4,400
1581,1,0.3090909090909091,0,448
1582,1,0.6181818181818182,6,3061
1583,1,0.43636363636363634,19,1516
1584,1,0.9999999999999999,20,2938
1585,1,0.7999999999999999,7,2425
1586,0,0.43636363636363634,3,1090
1587,1,0.43636363636363634,11,868
1588,1,0.43636363636363634,0,3179
1589,1,0.6181818181818182,1,3151
1590,1,0.8909090909090909,7,960
1591,1,0.6181818181818182,7,1721
1592,1,0.43636363636363634,16,2471
1593,0,0.6181818181818182,20,407
1594,1,0.6181818181818182,1,2975
1595,0,0.3090909090909091,5,1603
1596,1,0.43636363636363634,12,399
1597,1,0.6181818181818182,13,2389
1598,1,0.43636363636363634,0,2964
1599,1,0.6181818181818182,7,363
1600,1,0.43636363636363634,12,2591
1601,0,0.43636363636363634,7,443
1602,0,0.43636363636363634,0,589
1603,1,0.43636363636363634,11,1721
1604,0,0.3090909090909091,0,1013
1605,0,0.6181818181818182,3,1899
1606,1,0.7999999999999999,1,101
1607,1,0.43636363636363634,11,2356
1608,0,0.6181818181818182,9,295
1609,1,0.43636363636363634,11,1940
1610,1,0.43636363636363634,0,213
1611,1,0.43636363636363634,17,481
1612,1,0.3090909090909091,20,2111
1613,1,0.6181818181818182,0,2749
1614,0,0.7999999999999999,7,415
1615,1,0.43636363636363634,0,660
1616,1,0.43636363636363634,12,1417
1617,1,0.8909090909090909,0,1433
1618,1,0.8909090909090909,3,1668
1619,1,0.43636363636363634,20,1581
1620,1,0.43636363636363634,4,490
1621,1,0.3090909090909091,4,1797
1622,1,0.8909090909090909,15,342
1623,1,0.43636363636363634,0,294
1624,1,0.7999999999999999,0,238
1625,1,0.3090909090909091,4,404
1626,1,0.3090909090909091,17,2862
1627,1,0.3090909090909091,20,2750
1628,1,0.3090909090909091,4,400
1629,1,0.7999999999999999,17,2847
1630,0,0.8909090909090909,0,3088
1631,1,0.43636363636363634,16,3065
1632,0,0.7999999999999999,7,3433
1633,0,0.9999999999999999,0,1331
1634,1,0.43636363636363634,0,3289
1635,0,0.43636363636363634,19,2076
1636,1,0.9999999999999999,0,2764
1637,0,0.3090909090909091,17,3194
1638,1,0.43636363636363634,17,3194
1639,1,0.6181818181818182,17,3208
1640,1,0.43636363636363634,0,3222
1641,1,0.8909090909090909,13,2116
1642,1,0.7999999999999999,2,2817
1643,1,0.3090909090909091,12,2771
1644,0,0.3090909090909091,9,2123
1645,1,0.43636363636363634,20,2762
1646,1,0.3090909090909091,18,3363
1647,1,0.8909090909090909,14,2642
1648,1,0.3090909090909091,19,3338
1649,1,0.43636363636363634,19,3118
1650,1,0.43636363636363634,12,3091
1651,1,0.43636363636363634,16,3380
1652,1,0.3090909090909091,0,3041
1653,0,0.7999999999999999,0,3060
1654,1,0.3090909090909091,4,3087
1655,1,0.43636363636363634,17,3067
1656,0,0.7999999999999999,0,415
1657,0,0.6181818181818182,6,3074
1658,0,0.3090909090909091,9,3434
1659,0,0.43636363636363634,2,3111
1660,1,0.6181818181818182,7,2564
1661,1,0.43636363636363634,12,3066
1662,1,0.3090909090909091,4,2449
1663,0,0.3090909090909091,4,2390
1664,1,0.7999999999999999,17,2696
1665,1,0.43636363636363634,14,650
1666,1,0.8909090909090909,16,3401
1667,1,0.6181818181818182,2,3207
1668,0,0.43636363636363634,17,2324
1669,0,0.9999999999999999,13,3184
1670,1,0.6181818181818182,0,3388
1671,1,0.43636363636363634,17,3027
1672,1,0.0,10,3342
1673,1,0.6181818181818182,2,3221
1674,0,0.43636363636363634,6,3275
1675,1,0.3090909090909091,4,2832
1676,1,0.3090909090909091,14,3277
1677,0,0.3090909090909091,17,3273
1678,1,0.43636363636363634,12,3343
1679,1,0.43636363636363634,20,3190
1680,1,0.3090909090909091,4,2484
1681,1,0.43636363636363634,2,3351
1682,0,0.43636363636363634,7,3357
1683,1,0.3090909090909091,3,2649
1684,1,0.6181818181818182,12,3231
1685,1,0.6181818181818182,12,3043
1686,1,0.43636363636363634,3,2632
1687,0,0.3090909090909091,4,1244
1688,1,0.6181818181818182,5,3394
1689,1,0.6181818181818182,16,3334
1690,0,0.43636363636363634,17,2665
1691,1,0.6181818181818182,20,3305
1692,1,0.43636363636363634,12,3413
1693,1,0.43636363636363634,12,3361
1694,1,0.43636363636363634,1,3285
1695,1,0.6181818181818182,7,3218
1696,0,0.3090909090909091,4,3343
1697,1,0.6181818181818182,2,3291
1698,0,0.43636363636363634,19,3351
1699,1,0.43636363636363634,20,3364
1700,0,0.43636363636363634,4,3297
1701,1,0.3090909090909091,10,3301
1702,1,0.3090909090909091,15,2406
1703,1,0.43636363636363634,4,3418
1704,0,0.3090909090909091,4,2636
1705,1,0.43636363636363634,20,733
1706,1,0.8909090909090909,1,3165
1707,1,0.43636363636363634,0,2176
1708,1,0.43636363636363634,0,2301
1709,1,0.3090909090909091,0,3096
1710,0,0.3090909090909091,4,1080
1711,1,0.43636363636363634,0,2291
1712,1,0.43636363636363634,0,1576
1713,1,0.43636363636363634,17,1387
1714,1,0.43636363636363634,16,1782
1715,1,0.43636363636363634,0,1394
1716,0,0.8909090909090909,6,1089
1717,1,0.3090909090909091,4,1397
1718,1,0.3090909090909091,16,2061
1719,1,0.3090909090909091,4,3134
1720,1,0.3090909090909091,19,2247
1721,1,0.6181818181818182,0,2274
1722,1,0.6181818181818182,17,2022
1723,1,0.3090909090909091,4,6
1724,1,0.3090909090909091,19,2224
1725,1,0.43636363636363634,2,2032
1726,1,0.6181818181818182,16,1731
1727,1,0.3090909090909091,4,500
1728,1,0.43636363636363634,7,1797
1729,0,0.3090909090909091,4,2027
1730,0,0.3090909090909091,0,2863
1731,1,0.3090909090909091,4,593
1732,1,0.3090909090909091,14,1414
1733,1,0.7999999999999999,17,3116
1734,1,0.3090909090909091,20,1107
1735,1,0.9999999999999999,8,1
1736,1,0.6181818181818182,20,1551
1737,1,0.6181818181818182,16,1062
1738,1,0.9999999999999999,16,2414
1739,1,0.9999999999999999,1,3239
1740,1,0.6181818181818182,7,2828
1741,1,0.43636363636363634,15,362
1742,1,0.6181818181818182,17,2439
1743,1,0.6181818181818182,12,1734
1744,1,0.7999999999999999,0,3060
1745,1,0.43636363636363634,4,1196
1746,1,0.43636363636363634,0,2805
1747,1,0.8909090909090909,1,232
1748,1,0.43636363636363634,2,425
1749,1,0.8909090909090909,5,428
1750,1,0.6181818181818182,20,2399
1751,1,0.43636363636363634,3,3254
1752,1,0.6181818181818182,6,2814
1753,1,0.3090909090909091,19,964
1754,0,0.3090909090909091,4,2392
1755,0,0.43636363636363634,1,2346
1756,1,0.43636363636363634,4,2350
1757,0,0.43636363636363634,0,1186
1758,1,0.43636363636363634,16,872
1759,0,0.43636363636363634,3,2743
1760,1,0.6181818181818182,0,2274
1761,1,0.43636363636363634,14,2356
1762,1,0.6181818181818182,7,2383
1763,1,0.3090909090909091,0,2346
1764,1,0.3090909090909091,4,593
1765,0,0.7999999999999999,0,3109
1766,1,0.43636363636363634,20,2349
1767,1,0.7999999999999999,16,2334
1768,1,0.43636363636363634,17,2357
1769,1,0.6181818181818182,16,2511
1770,1,0.43636363636363634,17,2332
1771,1,0.9999999999999999,2,2807
1772,1,0.3090909090909091,4,307
1773,1,0.43636363636363634,17,3419
1774,1,0.43636363636363634,4,2249
1775,1,0.43636363636363634,0,1518
1776,1,0.43636363636363634,20,670
1777,1,0.3090909090909091,4,3128
1778,1,0.3090909090909091,1,2454
1779,1,0.6181818181818182,1,876
1780,0,0.6181818181818182,0,351
1781,1,0.7999999999999999,0,928
1782,1,0.3090909090909091,4,419
1783,1,0.3090909090909091,20,692
1784,1,0.3090909090909091,4,245
1785,1,0.7999999999999999,1,2678
1786,1,0.3090909090909091,8,2771
1787,1,0.7999999999999999,2,721
1788,1,0.0,10,726
1789,1,0.43636363636363634,0,738
1790,1,0.3090909090909091,4,735
1791,0,0.43636363636363634,2,1783
1792,1,0.43636363636363634,4,777
1793,1,0.43636363636363634,11,823
1794,1,0.3090909090909091,17,807
1795,1,0.8909090909090909,11,818
1796,1,0.6181818181818182,7,1743
1797,1,0.7999999999999999,11,879
1798,1,0.6181818181818182,11,2251
1799,1,0.3090909090909091,4,2251
1800,0,0.43636363636363634,6,1818
1801,1,0.3090909090909091,4,904
1802,1,0.43636363636363634,2,1720
1803,1,0.43636363636363634,7,891
1804,1,0.3090909090909091,4,893
1805,1,0.3090909090909091,4,864
1806,1,0.3090909090909091,17,808
1807,0,0.3090909090909091,4,863
1808,0,0.43636363636363634,14,529
1809,1,0.8909090909090909,13,2771
1810,1,0.9999999999999999,2,382
1811,0,0.43636363636363634,12,1597
1812,0,0.6181818181818182,6,2755
1813,1,0.8909090909090909,7,408
1814,1,0.0,1,1113
1815,0,0.6181818181818182,9,1954
1816,1,0.6181818181818182,1,1792
1817,1,0.0,8,121
1818,0,0.6181818181818182,12,1499
1819,1,0.43636363636363634,20,1724
1820,1,0.43636363636363634,20,1398
1821,0,0.43636363636363634,0,1795
1822,0,0.6181818181818182,1,2983
1823,0,0.3090909090909091,4,1405
1824,1,0.43636363636363634,7,1728
1825,1,0.7999999999999999,11,1682
1826,0,0.43636363636363634,1,339
1827,1,0.3090909090909091,4,307
1828,1,0.43636363636363634,16,316
1829,1,0.3090909090909091,4,526
1830,1,0.3090909090909091,4,1768
1831,0,0.3090909090909091,4,609
1832,1,0.3090909090909091,17,307
1833,1,0.6181818181818182,5,459
1834,1,0.43636363636363634,19,493
1835,1,0.43636363636363634,0,409
1836,1,0.43636363636363634,2,379
1837,1,0.6181818181818182,7,405
1838,1,0.3090909090909091,4,345
1839,1,0.43636363636363634,12,474
1840,1,0.3090909090909091,0,3161
1841,1,0.3090909090909091,4,1768
1842,1,0.43636363636363634,12,408
1843,0,0.3090909090909091,4,1794
1844,1,0.43636363636363634,2,399
1845,1,0.7999999999999999,12,3163
1846,1,0.3090909090909091,4,2005
1847,1,0.6181818181818182,5,405
1848,1,0.6181818181818182,7,505
1849,1,0.3090909090909091,5,545
1850,1,0.43636363636363634,19,1987
1851,1,0.43636363636363634,12,422
1852,1,0.8909090909090909,0,2814
1853,1,0.43636363636363634,0,2941
1854,1,0.3090909090909091,4,3001
1855,1,0.9999999999999999,7,2905
1856,1,0.0,10,2915
1857,0,0.3090909090909091,4,1988
1858,0,0.43636363636363634,4,2205
1859,1,0.9999999999999999,16,3114
1860,1,0.8909090909090909,16,2929
1861,1,0.8909090909090909,14,3177
1862,1,0.3090909090909091,4,2763
1863,1,0.6181818181818182,7,3078
1864,0,0.3090909090909091,1,3117
1865,1,0.43636363636363634,7,3040
1866,1,0.8909090909090909,7,3153
1867,1,0.8909090909090909,11,2941
1868,1,0.7999999999999999,14,3180
1869,1,0.9999999999999999,13,2650
1870,0,0.7999999999999999,1,1555
1871,1,0.8909090909090909,20,2915
1872,1,0.6181818181818182,7,97
1873,1,0.7999999999999999,7,3166
1874,1,0.6181818181818182,12,3054
1875,1,0.43636363636363634,12,2895
1876,0,0.7999999999999999,20,2769
1877,1,0.0,10,2992
1878,1,0.43636363636363634,4,1054
1879,1,0.6181818181818182,0,2819
1880,1,0.6181818181818182,2,3153
1881,1,0.6181818181818182,16,2942
1882,0,0.8909090909090909,0,3092
1883,1,0.7999999999999999,20,3006
1884,1,0.8909090909090909,17,3122
1885,1,0.43636363636363634,12,3048
1886,1,0.9999999999999999,15,2923
1887,1,0.6181818181818182,12,3173
1888,1,0.3090909090909091,14,2525
1889,1,0.8909090909090909,6,3126
1890,1,0.7999999999999999,1,2843
1891,1,0.43636363636363634,20,2767
1892,0,0.6181818181818182,0,2746
1893,0,0.6181818181818182,7,3116
1894,1,0.6181818181818182,14,2718
1895,1,0.9999999999999999,13,2920
1896,0,0.8909090909090909,2,3096
1897,1,0.43636363636363634,12,2823
1898,0,0.7999999999999999,6,101
1899,1,0.9999999999999999,12,3056
1900,1,0.8909090909090909,7,3035
1901,1,0.43636363636363634,19,3017
1902,1,0.6181818181818182,0,2792
1903,1,0.3090909090909091,1,1077
1904,0,0.6181818181818182,20,3064
1905,0,0.43636363636363634,5,2836
1906,1,0.6181818181818182,17,3135
1907,1,0.9999999999999999,13,3177
1908,1,0.3090909090909091,4,2724
1909,1,0.0,10,3131
1910,0,0.3090909090909091,4,2986
1911,1,0.43636363636363634,4,2840
1912,1,0.43636363636363634,17,3175
1913,0,0.6181818181818182,14,3163
1914,1,0.8909090909090909,13,72
1915,1,0.7999999999999999,7,2796
1916,1,0.3090909090909091,10,2978
1917,0,0.7999999999999999,6,3182
1918,1,0.0,0,3094
1919,0,0.6181818181818182,7,2530
1920,1,0.9999999999999999,12,2982
1921,0,0.43636363636363634,7,3076
1922,1,0.6181818181818182,7,2748
1923,0,0.9999999999999999,6,2803
1924,1,0.8909090909090909,7,2998
1925,0,0.0,0,3193
1926,1,0.6181818181818182,7,3136
1927,1,0.0,10,3085
1928,0,0.0,10,2828
1929,1,0.43636363636363634,15,3103
1930,1,0.43636363636363634,2,3060
1931,1,0.43636363636363634,7,3060
1932,1,0.3090909090909091,19,3127
1933,1,0.43636363636363634,17,3154
1934,1,0.0,10,2796
1935,1,0.6181818181818182,0,2748
1936,1,0.43636363636363634,11,2940
1937,0,0.43636363636363634,2,2846
1938,0,0.6181818181818182,2,3140
1939,1,0.43636363636363634,12,3181
1940,1,0.6181818181818182,17,3103
1941,1,0.6181818181818182,5,245
1942,1,0.3090909090909091,4,2860
1943,0,0.3090909090909091,4,3005
1944,1,0.43636363636363634,20,2993
1945,1,0.43636363636363634,14,3057
1946,1,0.43636363636363634,7,3039
1947,1,0.0,10,3007
1948,1,0.3090909090909091,17,2952
1949,1,0.43636363636363634,12,1678
1950,0,0.3090909090909091,4,2803
1951,1,0.6181818181818182,1,2822
1952,0,0.43636363636363634,2,3109
1953,1,0.43636363636363634,16,2853
1954,1,0.0,19,190
1955,1,0.6181818181818182,0,1443
1956,0,0.3090909090909091,4,915
1957,0,0.43636363636363634,1,673
1958,0,0.8909090909090909,13,1759
1959,1,0.7999999999999999,7,1940
1960,0,0.8909090909090909,3,2886
1961,0,0.3090909090909091,1,2097
1962,0,0.8909090909090909,9,2887
1963,0,0.43636363636363634,6,2738
1964,1,0.9999999999999999,17,1634
1965,1,0.43636363636363634,20,3021
1966,1,0.8909090909090909,7,2921
1967,1,0.43636363636363634,11,2654
1968,0,0.43636363636363634,3,2921
1969,1,0.8909090909090909,13,2709
1970,0,0.43636363636363634,14,2547
1971,1,0.7999999999999999,17,2919
1972,1,0.43636363636363634,1,904
1973,1,0.6181818181818182,17,525
1974,1,0.3090909090909091,4,3307
1975,1,0.6181818181818182,5,1982
1976,1,0.9999999999999999,6,162
1977,1,0.0,10,1399
1978,1,0.9999999999999999,17,1703
1979,1,0.6181818181818182,7,283
1980,1,0.9999999999999999,1,2554
1981,1,0.0,10,2567
1982,1,0.43636363636363634,14,2918
1983,1,0.3090909090909091,10,2930
1984,1,0.7999999999999999,12,2926
1985,1,0.8909090909090909,13,2888
1986,1,0.43636363636363634,17,2129
1987,0,0.43636363636363634,1,2648
1988,1,0.8909090909090909,6,87
1989,1,0.43636363636363634,7,2653
1990,1,0.43636363636363634,20,1636
1991,1,0.3090909090909091,4,2655
1992,1,0.6181818181818182,17,3431
1993,1,0.6181818181818182,2,2706
1994,1,0.43636363636363634,1,2668
1995,1,0.6181818181818182,0,2670
1996,1,0.43636363636363634,0,2619
1997,0,0.8909090909090909,9,942
1998,0,0.6181818181818182,3,91
1999,1,0.3090909090909091,4,1469
2000,1,0.8909090909090909,1,1624
2001,0,0.9999999999999999,13,102
2002,1,0.0,10,2523
2003,1,0.7999999999999999,19,1787
2004,1,0.3090909090909091,4,1981
2005,1,0.6181818181818182,0,2204
2006,1,0.8909090909090909,16,2558
2007,1,0.43636363636363634,3,1629
2008,0,0.6181818181818182,7,2082
2009,1,0.3090909090909091,4,2585
2010,0,0.6181818181818182,3,32
2011,1,0.43636363636363634,4,1697
2012,1,0.7999999999999999,0,2064
2013,1,0.3090909090909091,4,1778
2014,1,0.3090909090909091,4,8
2015,0,0.9999999999999999,2,811
2016,1,0.43636363636363634,17,1266
2017,1,0.6181818181818182,16,1530
2018,1,0.8909090909090909,1,992
2019,1,0.43636363636363634,7,1474
2020,1,0.43636363636363634,0,2103
2021,1,0.43636363636363634,7,2027
2022,1,0.3090909090909091,4,1952
2023,1,0.0,19,290
2024,1,0.9999999999999999,13,197
2025,1,0.8909090909090909,16,1683
2026,0,0.43636363636363634,9,1582
2027,1,0.7999999999999999,6,1432
2028,0,0.43636363636363634,12,405
2029,1,0.43636363636363634,4,2424
2030,1,0.6181818181818182,20,2087
2031,1,0.8909090909090909,14,1466
2032,0,0.7999999999999999,20,2859
2033,0,0.7999999999999999,2,61
2034,0,0.3090909090909091,0,1482
2035,0,0.43636363636363634,14,2762
2036,1,0.9999999999999999,14,144
2037,0,0.7999999999999999,1,1202
2038,1,0.8909090909090909,16,2009
2039,0,0.43636363636363634,7,150
2040,0,0.43636363636363634,20,940
2041,1,0.0,10,2506
2042,1,0.43636363636363634,14,1318
2043,0,0.7999999999999999,0,1689
2044,0,0.0,0,944
2045,1,0.6181818181818182,1,2869
2046,1,0.0,10,280
2047,1,0.8909090909090909,6,1697
2048,0,0.8909090909090909,0,580
2049,0,0.6181818181818182,3,3430
2050,1,0.6181818181818182,7,3024
2051,1,0.0,10,1522
2052,1,0.7999999999999999,11,277
2053,1,0.43636363636363634,12,191
2054,1,0.8909090909090909,11,1675
2055,1,0.43636363636363634,4,1960
2056,1,0.6181818181818182,1,1690
2057,0,0.9999999999999999,1,280
2058,1,0.6181818181818182,0,1431
2059,1,0.0,1,1634
2060,1,0.9999999999999999,1,1424
2061,1,0.3090909090909091,4,1468
2062,1,0.43636363636363634,4,1381
2063,1,0.6181818181818182,1,9
2064,1,0.43636363636363634,6,1559
2065,0,0.43636363636363634,6,1769
2066,1,0.8909090909090909,16,279
2067,0,0.6181818181818182,12,1403
2068,1,0.9999999999999999,15,2504
2069,0,0.6181818181818182,6,580
2070,1,0.7999999999999999,7,39
2071,0,0.8909090909090909,12,846
2072,0,0.3090909090909091,4,575
2073,1,0.3090909090909091,4,1624
2074,0,0.43636363636363634,4,580
2075,1,0.3090909090909091,4,577
2076,1,0.3090909090909091,0,1859
2077,1,0.3090909090909091,4,588
2078,1,0.0,10,1493
2079,1,0.43636363636363634,11,1318
2080,1,0.3090909090909091,17,1695
2081,1,0.0,19,1644
2082,1,0.3090909090909091,4,2187
2083,1,0.3090909090909091,4,916
2084,1,0.3090909090909091,0,274
2085,1,0.6181818181818182,14,1647
2086,1,0.43636363636363634,0,1315
2087,1,0.8909090909090909,7,2080
2088,1,0.6181818181818182,17,680
2089,1,0.6181818181818182,17,1638
2090,0,0.6181818181818182,20,1586
2091,1,0.9999999999999999,1,1674
2092,1,0.3090909090909091,0,1643
2093,1,0.6181818181818182,2,2010
2094,1,0.9999999999999999,13,1980
2095,0,0.43636363636363634,17,1240
2096,1,0.3090909090909091,5,1660
2097,1,0.6181818181818182,20,1588
2098,0,0.3090909090909091,0,1665
2099,0,0.43636363636363634,0,941
2100,1,0.43636363636363634,16,1636
2101,1,0.43636363636363634,11,1666
2102,1,0.6181818181818182,12,187
2103,1,0.7999999999999999,15,2000
2104,1,0.43636363636363634,1,943
2105,0,0.3090909090909091,20,1708
2106,1,0.43636363636363634,1,943
2107,1,0.0,10,2051
2108,1,0.43636363636363634,16,569
2109,1,0.8909090909090909,11,1556
2110,1,0.9999999999999999,13,1166
2111,0,0.7999999999999999,12,914
2112,1,0.43636363636363634,6,239
2113,1,0.3090909090909091,18,858
2114,1,0.6181818181818182,17,27
2115,1,0.3090909090909091,4,1710
2116,1,0.9999999999999999,13,1684
2117,1,0.43636363636363634,14,111
2118,1,0.6181818181818182,4,422
2119,1,0.0,0,165
2120,1,0.9999999999999999,13,127
2121,1,0.6181818181818182,12,2106
2122,0,0.6181818181818182,0,564
2123,1,0.43636363636363634,0,534
2124,1,0.6181818181818182,3,1522
2125,1,0.9999999999999999,14,157
2126,1,0.3090909090909091,4,536
2127,0,0.7999999999999999,1,1553
2128,1,0.43636363636363634,5,228
2129,1,0.7999999999999999,0,186
2130,1,0.43636363636363634,0,44
2131,1,0.9999999999999999,14,157
2132,0,0.0,10,41
2133,1,0.3090909090909091,10,165
2134,1,0.8909090909090909,1,58
2135,1,0.6181818181818182,18,557
2136,0,0.0,10,2
2137,0,0.3090909090909091,4,2705
2138,0,0.8909090909090909,3,1222
2139,1,0.7999999999999999,14,1557
2140,0,0.8909090909090909,16,1664
2141,0,0.7999999999999999,14,1557
2142,1,0.3090909090909091,4,1154
2143,1,0.3090909090909091,0,1547
2144,1,0.3090909090909091,10,1163
2145,1,0.3090909090909091,2,3238
2146,0,0.3090909090909091,0,2088
2147,0,0.3090909090909091,0,2582
2148,1,0.43636363636363634,0,2017
2149,0,0.3090909090909091,4,905
2150,1,0.9999999999999999,13,1208
2151,1,0.3090909090909091,4,900
2152,1,0.3090909090909091,16,3315
2153,1,0.43636363636363634,12,2240
2154,0,0.0,10,1723
2155,1,0.3090909090909091,19,1948
2156,0,0.3090909090909091,3,1496
2157,1,0.43636363636363634,12,2080
2158,0,0.8909090909090909,14,2080
2159,0,0.3090909090909091,19,1549
2160,0,0.6181818181818182,2,3206
2161,0,0.0,10,1267
2162,1,0.3090909090909091,0,2693
2163,1,0.6181818181818182,0,3228
2164,1,0.43636363636363634,7,1171
2165,1,0.0,10,3424
2166,0,0.43636363636363634,6,3231
2167,1,0.0,10,2041
2168,1,0.0,0,3200
2169,0,0.8909090909090909,16,3422
2170,1,0.6181818181818182,0,1597
2171,1,0.3090909090909091,20,2088
2172,1,0.8909090909090909,13,2695
2173,1,0.8909090909090909,12,2696
2174,1,0.43636363636363634,4,3426
2175,1,0.0,19,2303
2176,0,0.6181818181818182,20,3200
2177,1,0.7999999999999999,14,2651
2178,0,0.43636363636363634,0,1014
2179,1,0.43636363636363634,12,996
2180,1,0.43636363636363634,0,1497
2181,0,0.43636363636363634,4,2049
2182,0,0.9999999999999999,1,513
2183,1,0.3090909090909091,4,1507
2184,1,0.7999999999999999,17,973
2185,1,0.3090909090909091,5,1358
2186,1,0.7999999999999999,16,2026
2187,0,0.3090909090909091,19,2088
2188,1,0.0,10,2029
2189,0,0.43636363636363634,15,983
2190,1,0.3090909090909091,4,1488
2191,0,0.43636363636363634,0,995
2192,1,0.0,10,1357
2193,1,0.43636363636363634,17,1489
2194,1,0.0,10,2029
2195,1,0.43636363636363634,12,1478
2196,0,0.43636363636363634,1,979
2197,0,0.6181818181818182,9,1561
2198,1,0.0,10,2077
2199,1,0.6181818181818182,1,1997
2200,1,0.9999999999999999,20,1557
2201,0,0.0,10,503
2202,1,0.7999999999999999,12,1800
2203,1,0.9999999999999999,3,3144
2204,0,0.43636363636363634,7,409
2205,1,0.7999999999999999,7,468
2206,1,0.3090909090909091,4,326
2207,1,0.43636363636363634,0,402
2208,1,0.6181818181818182,7,405
2209,1,0.7999999999999999,17,2703
2210,1,0.7999999999999999,6,75
2211,1,0.3090909090909091,4,2562
2212,0,0.43636363636363634,0,2081
2213,0,0.43636363636363634,1,1559
2214,0,0.43636363636363634,0,3028
2215,0,0.43636363636363634,20,2076
2216,1,0.0,10,1473
2217,1,0.6181818181818182,17,2183
2218,1,0.43636363636363634,6,2009
2219,0,0.8909090909090909,3,3201
2220,1,0.9999999999999999,17,3142
2221,0,0.7999999999999999,1,568
2222,1,0.43636363636363634,2,2025
2223,1,0.43636363636363634,12,1998
2224,1,0.43636363636363634,5,3255
2225,0,0.43636363636363634,7,977
2226,1,0.8909090909090909,14,1997
2227,1,0.43636363636363634,12,1998
2228,1,0.7999999999999999,0,2113
2229,0,0.7999999999999999,1,2042
2230,1,0.8909090909090909,11,2679
2231,1,0.43636363636363634,14,2010
2232,0,0.6181818181818182,3,2036
2233,1,0.9999999999999999,1,2676
2234,1,0.0,10,1545
2235,1,0.0,10,3250
2236,0,0.6181818181818182,6,634
2237,0,0.43636363636363634,4,1154
2238,1,0.3090909090909091,10,2029
2239,1,0.7999999999999999,12,2180
2240,1,0.7999999999999999,5,2090
2241,1,0.3090909090909091,4,2024
2242,1,0.7999999999999999,2,2684
2243,1,0.0,10,2069
2244,1,0.0,10,1992
2245,1,0.43636363636363634,0,2081
2246,1,0.7999999999999999,2,2077
2247,0,0.6181818181818182,12,1554
2248,1,0.43636363636363634,5,2052
2249,1,0.3090909090909091,19,1993
2250,1,0.6181818181818182,14,2083
2251,0,0.3090909090909091,1,33
2252,0,0.8909090909090909,0,1561
2253,1,0.6181818181818182,5,1209
2254,0,0.6181818181818182,6,1447
2255,0,0.7999999999999999,15,1990
2256,0,0.3090909090909091,4,1988
2257,0,0.3090909090909091,4,421
2258,0,0.9999999999999999,16,2257
2259,0,0.43636363636363634,20,1563
2260,1,0.43636363636363634,5,1183
2261,1,0.7999999999999999,17,1606
2262,1,0.43636363636363634,6,2259
2263,0,0.7999999999999999,7,1306
2264,1,0.9999999999999999,13,2056
2265,0,0.8909090909090909,2,1607
2266,0,0.9999999999999999,13,1301
2267,0,0.6181818181818182,1,1555
2268,0,0.7999999999999999,0,474
2269,1,0.3090909090909091,1,622
2270,1,0.8909090909090909,14,580
2271,1,0.43636363636363634,0,2272
2272,1,0.43636363636363634,6,923
2273,1,0.3090909090909091,2,1121
2274,1,0.9999999999999999,7,1336
2275,1,0.9999999999999999,13,1434
2276,0,0.7999999999999999,9,559
2277,1,0.8909090909090909,17,31
2278,1,0.8909090909090909,7,378
2279,1,0.9999999999999999,6,2311
2280,1,0.7999999999999999,11,1600
2281,1,0.8909090909090909,2,1133
2282,1,0.6181818181818182,18,1472
2283,1,0.43636363636363634,20,2746
2284,0,0.0,10,569
2285,1,0.6181818181818182,17,2590
2286,1,0.9999999999999999,0,262
2287,1,0.0,10,565
2288,0,0.8909090909090909,1,1742
2289,1,0.43636363636363634,0,2098
2290,1,0.7999999999999999,1,583
2291,1,0.8909090909090909,15,560
2292,0,0.9999999999999999,3,1610
2293,1,0.9999999999999999,13,1603
2294,1,0.7999999999999999,11,2281
2295,0,0.43636363636363634,6,907
2296,1,0.9999999999999999,13,1743
2297,1,0.6181818181818182,17,2441
2298,0,0.3090909090909091,10,569
2299,1,0.9999999999999999,13,1692
2300,0,0.43636363636363634,12,148
2301,1,0.8909090909090909,12,1600
2302,1,0.8909090909090909,17,358
2303,1,0.7999999999999999,12,3051
2304,1,0.8909090909090909,20,1600
2305,0,0.3090909090909091,4,103
2306,1,0.43636363636363634,17,105
2307,0,0.7999999999999999,16,1597
2308,0,0.7999999999999999,0,390
2309,1,0.7999999999999999,12,1610
2310,0,0.43636363636363634,4,903
2311,1,0.7999999999999999,0,573
2312,0,0.8909090909090909,6,1598
2313,0,0.43636363636363634,1,580
2314,1,0.9999999999999999,7,1605
2315,1,0.6181818181818182,0,579
2316,0,0.7999999999999999,9,1970
2317,1,0.9999999999999999,7,1605
2318,1,0.6181818181818182,7,1600
2319,0,0.8909090909090909,1,259
2320,1,0.43636363636363634,7,1077
2321,0,0.9999999999999999,13,1601
2322,1,0.6181818181818182,3,568
2323,1,0.6181818181818182,17,1732
2324,0,0.3090909090909091,4,994
2325,1,0.3090909090909091,4,11
2326,1,0.3090909090909091,10,1617
2327,1,0.9999999999999999,7,582
2328,0,0.9999999999999999,15,3308
2329,1,0.7999999999999999,7,1597
2330,1,0.9999999999999999,1,1600
2331,1,0.9999999999999999,14,32
2332,1,0.8909090909090909,6,559
2333,0,0.9999999999999999,7,33
2334,1,0.8909090909090909,17,1624
2335,1,0.6181818181818182,18,574
2336,1,0.6181818181818182,17,1693
2337,1,0.7999999999999999,17,576
2338,0,0.9999999999999999,3,1743
2339,1,0.6181818181818182,2,1600
2340,1,0.9999999999999999,1,580
2341,1,0.6181818181818182,3,1602
2342,0,0.7999999999999999,1,38
2343,1,0.43636363636363634,12,104
2344,1,0.6181818181818182,16,3335
2345,0,0.0,10,1601
2346,1,0.6181818181818182,1,1606
2347,1,0.8909090909090909,12,262
2348,1,0.43636363636363634,8,1727
2349,1,0.3090909090909091,4,1451
2350,0,0.43636363636363634,0,466
2351,1,0.8909090909090909,13,1362
2352,0,0.6181818181818182,9,2101
2353,1,0.6181818181818182,11,3078
2354,0,0.7999999999999999,9,578
2355,0,0.8909090909090909,16,579
2356,0,0.6181818181818182,14,586
2357,0,0.9999999999999999,6,261
2358,1,0.9999999999999999,13,595
2359,1,0.8909090909090909,6,580
2360,1,0.9999999999999999,7,1692
2361,1,0.43636363636363634,14,3057
2362,1,0.8909090909090909,14,3226
2363,0,0.9999999999999999,9,567
2364,1,0.8909090909090909,7,578
2365,0,0.7999999999999999,16,30
2366,0,0.43636363636363634,9,1693
2367,0,0.9999999999999999,13,563
2368,1,0.6181818181818182,14,258
2369,1,0.8909090909090909,1,584
2370,0,0.6181818181818182,7,262
2371,0,0.7999999999999999,7,36
2372,1,0.7999999999999999,7,3056
2373,1,0.43636363636363634,14,3083
2374,0,0.8909090909090909,7,557
2375,1,0.43636363636363634,1,580
2376,1,0.6181818181818182,0,265
2377,1,0.43636363636363634,3,2347
2378,1,0.3090909090909091,18,562
2379,1,0.43636363636363634,4,904
2380,0,0.6181818181818182,9,565
2381,1,0.8909090909090909,13,1988
2382,0,0.43636363636363634,14,3174
2383,1,0.6181818181818182,17,2119
2384,0,0.7999999999999999,2,32
2385,0,0.43636363636363634,0,258
2386,1,0.43636363636363634,17,1138
2387,1,0.9999999999999999,5,262
2388,1,0.43636363636363634,16,1313
2389,0,0.43636363636363634,6,1188
2390,1,0.8909090909090909,18,572
2391,0,0.9999999999999999,3,258
2392,1,0.9999999999999999,13,571
2393,1,0.6181818181818182,6,1314
2394,1,0.6181818181818182,7,352
2395,0,0.3090909090909091,0,871
2396,0,0.6181818181818182,11,1383
2397,1,0.43636363636363634,0,3366
2398,1,0.6181818181818182,17,482
2399,0,0.43636363636363634,16,3214
2400,1,0.43636363636363634,4,902
2401,1,0.7999999999999999,17,1126
2402,1,0.3090909090909091,4,1298
2403,1,0.3090909090909091,7,2171
2404,1,0.8909090909090909,8,2452
2405,0,0.9999999999999999,12,28
2406,1,0.6181818181818182,16,483
2407,0,0.7999999999999999,1,42
2408,0,0.6181818181818182,9,261
2409,1,0.9999999999999999,7,260
2410,0,0.6181818181818182,14,31
2411,1,0.9999999999999999,13,26
2412,0,0.9999999999999999,7,269
2413,1,0.43636363636363634,1,1699
2414,1,0.43636363636363634,7,894
2415,1,0.7999999999999999,7,29
2416,1,0.7999999999999999,1,1755
2417,0,0.0,10,261
2418,1,0.43636363636363634,0,263
2419,1,0.8909090909090909,7,1320
2420,1,0.6181818181818182,7,1449
2421,0,0.8909090909090909,9,172
2422,0,0.7999999999999999,9,28
2423,1,0.43636363636363634,17,3160
2424,0,0.6181818181818182,14,1495
2425,1,0.9999999999999999,0,40
2426,0,0.43636363636363634,14,3031
2427,1,0.7999999999999999,17,1501
2428,1,0.43636363636363634,2,904
2429,1,0.43636363636363634,4,903
2430,0,0.43636363636363634,4,904
2431,1,0.43636363636363634,4,904
2432,1,0.43636363636363634,4,904
2433,1,0.43636363636363634,4,902
2434,1,0.43636363636363634,4,904
2435,1,0.43636363636363634,7,903
2436,1,0.43636363636363634,4,907
2437,1,0.6181818181818182,1,904
2438,1,0.7999999999999999,17,1601
2439,1,0.8909090909090909,17,22
2440,0,0.7999999999999999,6,1369
2441,1,0.6181818181818182,17,1276
2442,0,0.6181818181818182,0,1698
2443,0,0.7999999999999999,4,1370
2444,1,0.43636363636363634,0,1600
2445,1,0.3090909090909091,7,423
2446,1,0.43636363636363634,14,183
2447,1,0.6181818181818182,6,1319
2448,1,0.9999999999999999,13,1313
2449,1,0.7999999999999999,16,43
2450,1,0.7999999999999999,12,1305
2451,1,0.7999999999999999,7,32
2452,1,0.43636363636363634,7,1921
2453,1,0.3090909090909091,0,3266
2454,1,0.6181818181818182,7,1624
2455,1,0.43636363636363634,5,1597
2456,1,0.43636363636363634,0,2091
2457,1,0.43636363636363634,7,2639
2458,1,0.8909090909090909,7,1452
2459,0,0.8909090909090909,1,1268
2460,1,0.3090909090909091,4,3362
2461,1,0.6181818181818182,1,1447
2462,1,0.43636363636363634,7,1238
2463,0,0.3090909090909091,4,1423
2464,1,0.8909090909090909,6,1455
2465,1,0.43636363636363634,15,3076
2466,1,0.0,10,1436
2467,1,0.8909090909090909,1,1437
2468,1,0.43636363636363634,4,2763
2469,1,0.6181818181818182,18,1741
2470,1,0.8909090909090909,13,3412
2471,1,0.43636363636363634,18,1313
2472,1,0.43636363636363634,12,3353
2473,1,0.43636363636363634,12,2602
2474,0,0.43636363636363634,18,3360
2475,1,0.8909090909090909,12,2482
2476,1,0.7999999999999999,0,1370
2477,1,0.8909090909090909,1,1313
2478,0,0.43636363636363634,1,928
2479,0,0.3090909090909091,20,3084
2480,1,0.6181818181818182,14,185
2481,0,0.8909090909090909,3,1300
2482,1,0.9999999999999999,13,2797
2483,1,0.7999999999999999,5,1125
2484,1,0.6181818181818182,14,3216
2485,1,0.3090909090909091,12,3353
2486,1,0.7999999999999999,7,1928
2487,0,0.7999999999999999,2,1124
2488,0,0.6181818181818182,9,1304
2489,1,0.43636363636363634,12,3127
2490,1,0.6181818181818182,7,905
2491,0,0.7999999999999999,2,1316
2492,1,0.7999999999999999,2,2804
2493,1,0.3090909090909091,4,1743
2494,0,0.3090909090909091,4,1963
2495,1,0.8909090909090909,1,1319
2496,0,0.8909090909090909,14,1313
2497,1,0.9999999999999999,18,2266
2498,1,0.8909090909090909,0,1272
2499,1,0.9999999999999999,1,1049
2500,1,0.43636363636363634,15,1314
2501,1,0.9999999999999999,13,1692
2502,1,0.6181818181818182,17,747
2503,1,0.43636363636363634,7,3360
2504,1,0.43636363636363634,7,1899
2505,0,0.43636363636363634,14,3381
2506,1,0.43636363636363634,4,3054
2507,0,0.6181818181818182,3,2427
2508,1,0.43636363636363634,5,1272
2509,1,0.43636363636363634,7,1317
2510,1,0.43636363636363634,7,645
2511,0,0.7999999999999999,14,1272
2512,1,0.9999999999999999,1,1313
2513,1,0.9999999999999999,14,1313
2514,1,0.7999999999999999,12,1308
2515,0,0.7999999999999999,6,1307
2516,0,0.6181818181818182,9,1802
2517,1,0.43636363636363634,7,512
2518,0,0.7999999999999999,2,631
2519,0,0.9999999999999999,2,3199
2520,1,0.6181818181818182,17,1693
2521,1,0.3090909090909091,11,2078
2522,1,0.43636363636363634,17,1692
2523,0,0.9999999999999999,9,1333
2524,0,0.6181818181818182,1,1313
2525,1,0.9999999999999999,13,1314
2526,1,0.6181818181818182,15,1272
2527,1,0.9999999999999999,0,1313
2528,0,0.6181818181818182,9,3234
2529,1,0.3090909090909091,0,1370
2530,0,0.7999999999999999,7,1743
2531,0,0.9999999999999999,13,1309
2532,0,0.43636363636363634,3,1692
2533,0,0.8909090909090909,6,1313
2534,0,0.9999999999999999,2,196
2535,1,0.9999999999999999,13,1303
2536,1,0.6181818181818182,11,1296
2537,1,0.9999999999999999,13,1314
2538,1,0.6181818181818182,7,1147
2539,0,0.7999999999999999,6,1370
2540,0,0.6181818181818182,5,1693
2541,0,0.7999999999999999,13,1313
2542,0,0.6181818181818182,0,1370
2543,1,0.7999999999999999,1,1741
2544,1,0.9999999999999999,13,1303
2545,0,0.9999999999999999,13,1318
2546,0,0.6181818181818182,0,1312
2547,0,0.6181818181818182,6,1310
2548,1,0.9999999999999999,13,1320
2549,1,0.8909090909090909,7,1318
2550,1,0.43636363636363634,12,3369
2551,0,0.43636363636363634,9,1035
2552,1,0.43636363636363634,7,1035
2553,1,0.43636363636363634,1,3315
2554,1,0.9999999999999999,7,439
2555,1,0.43636363636363634,4,132
2556,0,0.3090909090909091,19,136
2557,1,0.9999999999999999,17,1758
2558,1,0.3090909090909091,10,1770
2559,0,0.7999999999999999,6,2627
2560,1,0.43636363636363634,15,283
2561,1,0.3090909090909091,0,3330
2562,1,0.7999999999999999,13,1762
2563,0,0.6181818181818182,20,1395
2564,1,0.6181818181818182,5,1256
2565,1,0.6181818181818182,17,3034
2566,1,0.43636363636363634,0,281
2567,1,0.43636363636363634,17,1120
2568,1,0.7999999999999999,0,1498
2569,0,0.9999999999999999,14,3152
2570,1,0.6181818181818182,17,791
2571,1,0.6181818181818182,14,2323
2572,1,0.7999999999999999,16,3098
2573,1,0.8909090909090909,6,285
2574,1,0.6181818181818182,7,2383
2575,1,0.3090909090909091,17,3269
2576,1,0.43636363636363634,7,2419
2577,1,0.8909090909090909,7,3054
2578,1,0.6181818181818182,15,2856
2579,0,0.7999999999999999,1,541
2580,1,0.43636363636363634,11,2075
2581,0,0.43636363636363634,1,3281
2582,1,0.6181818181818182,7,761
2583,0,0.9999999999999999,1,3108
2584,1,0.7999999999999999,15,2174
2585,1,0.43636363636363634,20,1556
2586,1,0.6181818181818182,7,1870
2587,0,0.9999999999999999,13,2492
2588,1,0.43636363636363634,0,702
2589,1,0.3090909090909091,4,3041
2590,1,0.3090909090909091,1,1728
2591,1,0.8909090909090909,7,2519
2592,1,0.9999999999999999,16,3221
2593,1,0.6181818181818182,7,1116
2594,1,0.3090909090909091,4,646
2595,1,0.8909090909090909,7,1614
2596,0,0.8909090909090909,0,3209
2597,1,0.43636363636363634,17,819
2598,1,0.43636363636363634,12,1766
2599,1,0.43636363636363634,14,739
2600,1,0.6181818181818182,16,988
2601,1,0.7999999999999999,12,2913
2602,1,0.43636363636363634,17,730
2603,1,0.43636363636363634,0,1512
2604,1,0.6181818181818182,7,2327
2605,1,0.8909090909090909,7,1245
2606,0,0.9999999999999999,0,1619
2607,0,0.43636363636363634,1,418
2608,0,0.8909090909090909,12,1894
2609,1,0.7999999999999999,7,1643
2610,1,0.43636363636363634,3,338
2611,0,0.7999999999999999,3,3106
2612,1,0.6181818181818182,1,2924
2613,1,0.43636363636363634,7,643
2614,1,0.43636363636363634,7,835
2615,1,0.6181818181818182,7,159
2616,0,0.7999999999999999,15,2016
2617,0,0.3090909090909091,4,1784
2618,1,0.6181818181818182,12,3213
2619,1,0.3090909090909091,4,1572
2620,1,0.3090909090909091,0,1542
2621,0,0.6181818181818182,6,980
2622,1,0.9999999999999999,1,1101
2623,0,0.6181818181818182,0,1452
2624,1,0.6181818181818182,7,2115
2625,1,0.9999999999999999,1,220
2626,1,0.43636363636363634,1,299
2627,0,0.43636363636363634,2,474
2628,1,0.43636363636363634,11,649
2629,0,0.3090909090909091,5,2483
2630,0,0.8909090909090909,1,631
2631,1,0.9999999999999999,0,1403
2632,0,0.6181818181818182,9,340
2633,1,0.9999999999999999,1,654
2634,1,0.6181818181818182,0,275
2635,1,0.3090909090909091,12,2497
2636,0,0.6181818181818182,20,1447
2637,1,0.43636363636363634,14,276
2638,0,0.43636363636363634,6,2550
2639,1,0.6181818181818182,12,2461
2640,1,0.43636363636363634,6,754
2641,1,0.43636363636363634,0,1187
2642,1,0.7999999999999999,17,3420
2643,1,0.3090909090909091,15,1483
2644,1,0.43636363636363634,7,2092
2645,1,0.7999999999999999,17,690
2646,0,0.6181818181818182,11,637
2647,1,0.43636363636363634,17,993
2648,1,0.43636363636363634,16,2532
2649,1,0.7999999999999999,7,2339
2650,1,0.9999999999999999,14,509
2651,1,0.6181818181818182,20,2604
2652,1,0.43636363636363634,7,3056
2653,0,0.6181818181818182,9,1648
2654,1,0.6181818181818182,7,2213
2655,1,0.9999999999999999,13,1172
2656,0,0.0,10,1574
2657,1,0.43636363636363634,7,2024
2658,1,0.6181818181818182,14,13
2659,1,0.9999999999999999,17,1022
2660,1,0.9999999999999999,13,739
2661,1,0.43636363636363634,17,78
2662,0,0.43636363636363634,4,120
2663,1,0.6181818181818182,7,1749
2664,1,0.6181818181818182,11,3393
2665,1,0.7999999999999999,16,2152
2666,0,0.6181818181818182,6,356
2667,0,0.43636363636363634,4,3057
2668,1,0.7999999999999999,0,949
2669,1,0.6181818181818182,6,3115
2670,0,0.6181818181818182,12,1807
2671,1,0.6181818181818182,7,225
2672,1,0.6181818181818182,7,2404
2673,1,0.43636363636363634,4,3057
2674,1,0.6181818181818182,18,3410
2675,1,0.9999999999999999,20,2489
2676,0,0.6181818181818182,7,2207
2677,1,0.43636363636363634,6,1712
2678,0,0.3090909090909091,4,108
2679,1,0.43636363636363634,12,64
2680,0,0.43636363636363634,4,1665
2681,1,0.3090909090909091,4,1386
2682,1,0.6181818181818182,7,2037
2683,0,0.3090909090909091,0,734
2684,1,0.7999999999999999,7,94
2685,1,0.43636363636363634,0,2660
2686,1,0.0,10,376
2687,1,0.43636363636363634,17,1825
2688,1,0.43636363636363634,12,975
2689,1,0.43636363636363634,7,945
2690,1,0.3090909090909091,4,282
2691,0,0.3090909090909091,4,622
2692,1,0.9999999999999999,13,2290
2693,1,0.3090909090909091,4,2746
2694,1,0.6181818181818182,11,1522
2695,1,0.43636363636363634,7,945
2696,0,0.8909090909090909,17,2687
2697,0,0.43636363636363634,2,420
2698,0,0.9999999999999999,13,2313
2699,1,0.43636363636363634,7,1078
2700,1,0.7999999999999999,1,2024
2701,1,0.7999999999999999,6,2189
2702,1,0.6181818181818182,11,1754
2703,1,0.9999999999999999,13,2287
2704,1,0.43636363636363634,1,995
2705,0,0.43636363636363634,1,995
2706,1,0.9999999999999999,13,943
2707,1,0.43636363636363634,7,1425
2708,0,0.43636363636363634,0,2094
2709,1,0.6181818181818182,17,3076
2710,0,0.43636363636363634,4,14
2711,0,0.3090909090909091,19,1239
2712,1,0.43636363636363634,7,3253
2713,1,0.3090909090909091,4,3255
2714,0,0.8909090909090909,4,3259
2715,0,0.8909090909090909,4,3260
2716,1,0.43636363636363634,4,3261
2717,0,0.43636363636363634,4,3256
2718,1,0.43636363636363634,12,3349
2719,1,0.6181818181818182,0,812
2720,1,0.7999999999999999,14,749
2721,1,0.6181818181818182,7,868
2722,0,0.43636363636363634,9,1006
2723,0,0.7999999999999999,2,977
2724,1,0.6181818181818182,7,1069
2725,1,0.7999999999999999,11,116
2726,1,0.43636363636363634,11,2070
2727,1,0.6181818181818182,12,989
2728,1,0.8909090909090909,7,677
2729,1,0.6181818181818182,11,1662
2730,1,0.6181818181818182,7,463
2731,1,0.7999999999999999,17,2986
2732,1,0.7999999999999999,17,3030
2733,0,0.3090909090909091,4,181
2734,1,0.43636363636363634,7,904
2735,1,0.7999999999999999,12,2554
2736,1,0.43636363636363634,3,1729
2737,0,0.8909090909090909,2,876
2738,0,0.6181818181818182,7,2939
2739,1,0.7999999999999999,17,876
2740,1,0.43636363636363634,14,2078
2741,1,0.43636363636363634,17,1269
2742,1,0.43636363636363634,14,2282
2743,1,0.3090909090909091,17,1803
2744,0,0.6181818181818182,1,1101
2745,1,0.8909090909090909,14,1725
2746,0,0.3090909090909091,4,2747
2747,1,0.43636363636363634,4,2677
2748,1,0.43636363636363634,12,418
2749,0,0.43636363636363634,15,2849
2750,0,0.43636363636363634,16,1004
2751,1,0.43636363636363634,15,2393
2752,0,0.8909090909090909,20,980
2753,1,0.8909090909090909,12,2029
2754,1,0.6181818181818182,7,1045
2755,1,0.3090909090909091,4,3304
2756,1,0.43636363636363634,2,416
2757,1,0.9999999999999999,8,538
2758,1,0.43636363636363634,7,1270
2759,1,0.9999999999999999,0,67
2760,1,0.6181818181818182,6,2576
2761,1,0.8909090909090909,16,2155
2762,0,0.3090909090909091,4,1600
2763,1,0.43636363636363634,7,2854
2764,1,0.8909090909090909,7,130
2765,1,0.7999999999999999,7,1832
2766,1,0.43636363636363634,0,3423
2767,1,0.43636363636363634,17,2771
2768,1,0.43636363636363634,7,793
2769,1,0.6181818181818182,1,606
2770,1,0.3090909090909091,1,2900
2771,1,0.6181818181818182,17,418
2772,1,0.6181818181818182,2,2502
2773,1,0.43636363636363634,1,2912
2774,0,0.3090909090909091,4,2758
2775,1,0.43636363636363634,14,880
2776,1,0.3090909090909091,4,3185
2777,1,0.9999999999999999,13,3036
2778,1,0.6181818181818182,7,425
2779,1,0.43636363636363634,17,3072
2780,1,0.6181818181818182,4,1480
2781,0,0.3090909090909091,4,1669
2782,1,0.7999999999999999,17,2497
2783,1,0.8909090909090909,20,776
2784,1,0.9999999999999999,13,1055
2785,1,0.43636363636363634,4,2040
2786,1,0.43636363636363634,4,2078
2787,1,0.9999999999999999,1,2764
2788,1,0.3090909090909091,4,2747
2789,1,0.43636363636363634,20,2632
2790,1,0.9999999999999999,7,416
2791,1,0.3090909090909091,4,136
2792,1,0.6181818181818182,7,2250
2793,1,0.43636363636363634,2,781
2794,1,0.8909090909090909,13,1228
2795,1,0.43636363636363634,14,2913
2796,0,0.43636363636363634,7,3040
2797,1,0.6181818181818182,20,423
2798,1,0.3090909090909091,0,1898
2799,0,0.3090909090909091,4,2296
2800,0,0.43636363636363634,3,554
2801,1,0.6181818181818182,20,422
2802,1,0.43636363636363634,7,3034
2803,0,0.6181818181818182,0,1536
2804,1,0.9999999999999999,19,258
2805,1,0.0,10,644
2806,0,0.6181818181818182,11,868
2807,1,0.9999999999999999,16,2074
2808,1,0.43636363636363634,7,409
2809,0,0.0,10,2175
2810,1,0.43636363636363634,19,3067
2811,1,0.43636363636363634,17,2073
2812,1,0.43636363636363634,20,1901
2813,1,0.6181818181818182,7,97
2814,1,0.6181818181818182,17,2053
2815,1,0.43636363636363634,7,1996
2816,1,0.6181818181818182,12,1761
2817,1,0.43636363636363634,12,1853
2818,1,0.7999999999999999,14,1427
2819,0,0.6181818181818182,0,103
2820,1,0.3090909090909091,20,422
2821,1,0.8909090909090909,7,400
2822,1,0.43636363636363634,4,136
2823,1,0.3090909090909091,4,90
2824,0,0.43636363636363634,20,3032
2825,1,0.6181818181818182,12,405
2826,1,0.43636363636363634,17,3044
2827,1,0.3090909090909091,4,138
2828,1,0.7999999999999999,20,407
2829,1,0.6181818181818182,7,3086
2830,1,0.43636363636363634,0,1139
2831,1,0.43636363636363634,17,781
2832,1,0.43636363636363634,15,2631
2833,1,0.6181818181818182,1,1203
2834,1,0.6181818181818182,20,2081
2835,1,0.43636363636363634,12,348
2836,1,0.3090909090909091,0,1703
2837,1,0.3090909090909091,1,3233
2838,1,0.43636363636363634,17,400
2839,1,0.43636363636363634,0,2094
2840,1,0.8909090909090909,12,3345
2841,1,0.6181818181818182,17,1081
2842,0,0.43636363636363634,4,2484
2843,1,0.43636363636363634,20,2688
2844,1,0.43636363636363634,4,2309
2845,0,0.3090909090909091,4,2865
2846,1,0.3090909090909091,4,419
2847,1,0.43636363636363634,0,1573
2848,1,0.7999999999999999,11,3060
2849,1,0.3090909090909091,20,3119
2850,0,0.43636363636363634,7,3054
2851,1,0.43636363636363634,12,3340
2852,1,0.0,1,1458
2853,0,0.3090909090909091,4,2182
2854,1,0.43636363636363634,4,3050
2855,1,0.6181818181818182,11,862
2856,1,0.43636363636363634,0,435
2857,0,0.0,10,2282
2858,1,0.3090909090909091,1,3220
2859,1,0.6181818181818182,17,778
2860,1,0.43636363636363634,15,284
2861,1,0.7999999999999999,7,1839
2862,0,0.43636363636363634,2,992
2863,0,0.6181818181818182,3,502
2864,0,0.43636363636363634,6,833
2865,1,0.43636363636363634,7,1799
2866,1,0.7999999999999999,17,642
2867,1,0.6181818181818182,12,3036
2868,1,0.8909090909090909,17,330
2869,1,0.8909090909090909,18,3202
2870,0,0.43636363636363634,14,3358
2871,1,0.43636363636363634,20,3032
2872,0,0.3090909090909091,4,2175
2873,0,0.6181818181818182,20,781
2874,1,0.43636363636363634,2,407
2875,1,0.43636363636363634,17,112
2876,1,0.6181818181818182,1,2570
2877,0,0.8909090909090909,20,2702
2878,1,0.3090909090909091,4,2011
2879,1,0.3090909090909091,12,1899
2880,0,0.43636363636363634,12,2398
2881,1,0.3090909090909091,20,2500
2882,1,0.3090909090909091,20,1075
2883,0,0.8909090909090909,3,1777
2884,0,0.3090909090909091,1,2553
2885,1,0.3090909090909091,4,2013
2886,1,0.43636363636363634,3,2208
2887,1,0.43636363636363634,14,1928
2888,1,0.6181818181818182,3,1851
2889,1,0.6181818181818182,7,2769
2890,0,0.3090909090909091,4,2202
2891,1,0.43636363636363634,4,2610
2892,1,0.43636363636363634,1,3036
2893,1,0.3090909090909091,4,1431
2894,1,0.43636363636363634,11,308
2895,1,0.3090909090909091,14,2013
2896,1,0.43636363636363634,5,3315
2897,1,0.3090909090909091,4,137
2898,1,0.6181818181818182,14,3072
2899,1,0.3090909090909091,12,3169
2900,1,0.43636363636363634,17,2496
2901,1,0.43636363636363634,12,3328
2902,1,0.43636363636363634,16,816
2903,1,0.43636363636363634,4,665
2904,1,0.6181818181818182,17,1902
2905,1,0.6181818181818182,19,1915
2906,0,0.6181818181818182,5,537
2907,1,0.3090909090909091,2,2319
2908,1,0.43636363636363634,7,1393
2909,1,0.0,19,2361
2910,0,0.43636363636363634,4,1938
2911,0,0.3090909090909091,4,1600
2912,0,0.6181818181818182,20,3364
2913,1,0.43636363636363634,4,2956
2914,1,0.43636363636363634,7,924
2915,1,0.7999999999999999,2,3329
2916,1,0.43636363636363634,0,2040
2917,1,0.43636363636363634,12,3359
2918,1,0.3090909090909091,17,2704
2919,1,0.43636363636363634,2,1862
2920,1,0.8909090909090909,1,1776
2921,1,0.43636363636363634,17,1749
2922,1,0.6181818181818182,12,1440
2923,0,0.3090909090909091,4,3066
2924,0,0.43636363636363634,4,928
2925,0,0.3090909090909091,2,1864
2926,1,0.43636363636363634,12,943
2927,1,0.43636363636363634,2,2768
2928,1,0.3090909090909091,2,2078
2929,1,0.8909090909090909,17,1509
2930,1,0.3090909090909091,4,666
2931,1,0.43636363636363634,12,1889
2932,1,0.6181818181818182,11,1129
2933,0,0.6181818181818182,20,2839
2934,1,0.43636363636363634,0,1872
2935,0,0.3090909090909091,4,3067
2936,0,0.3090909090909091,4,1597
2937,0,0.43636363636363634,0,1888
2938,0,0.43636363636363634,15,3137
2939,1,0.43636363636363634,0,108
2940,1,0.6181818181818182,12,3337
2941,0,0.8909090909090909,1,3003
2942,1,0.6181818181818182,12,3233
2943,0,0.3090909090909091,4,1600
2944,0,0.6181818181818182,17,2735
2945,1,0.6181818181818182,16,2963
2946,0,0.43636363636363634,0,103
2947,1,0.3090909090909091,14,1620
2948,1,0.43636363636363634,17,3337
2949,1,0.3090909090909091,0,2285
2950,0,0.6181818181818182,14,3076
2951,1,0.43636363636363634,4,285
2952,1,0.43636363636363634,20,920
2953,1,0.3090909090909091,2,492
2954,1,0.6181818181818182,14,2896
2955,1,0.43636363636363634,12,1724
2956,1,0.3090909090909091,4,1600
2957,1,0.43636363636363634,7,2886
2958,1,0.6181818181818182,17,261
2959,1,0.3090909090909091,4,1600
2960,1,0.8909090909090909,17,2888
2961,1,0.6181818181818182,3,3056
2962,0,0.3090909090909091,4,1600
2963,1,0.43636363636363634,17,307
2964,0,0.6181818181818182,4,1597
2965,0,0.43636363636363634,4,1600
2966,1,0.43636363636363634,0,3057
2967,0,0.3090909090909091,0,1600
2968,1,0.43636363636363634,7,297
2969,1,0.3090909090909091,4,1600
2970,1,0.43636363636363634,4,1600
2971,1,0.43636363636363634,4,3303
2972,0,0.3090909090909091,4,1603
2973,1,0.3090909090909091,4,1601
2974,1,0.6181818181818182,11,824
2975,1,0.3090909090909091,20,2682
2976,0,0.3090909090909091,4,1600
2977,1,0.6181818181818182,20,1490
2978,1,0.6181818181818182,2,1495
2979,1,0.7999999999999999,7,2873
2980,1,0.7999999999999999,6,1751
2981,1,0.43636363636363634,4,1824
2982,1,0.3090909090909091,4,3325
2983,1,0.43636363636363634,4,1601
2984,1,0.3090909090909091,4,3305
2985,1,0.43636363636363634,4,943
2986,1,0.3090909090909091,4,646
2987,0,0.3090909090909091,6,2926
2988,1,0.6181818181818182,12,3303
2989,1,0.6181818181818182,12,1495
2990,1,0.8909090909090909,1,1601
2991,1,0.3090909090909091,4,632
2992,1,0.3090909090909091,19,523
2993,1,0.6181818181818182,5,3153
2994,1,0.43636363636363634,15,3305
2995,1,0.3090909090909091,0,2135
2996,0,0.6181818181818182,16,1492
2997,0,0.43636363636363634,1,1493
2998,1,0.43636363636363634,7,1233
2999,1,0.43636363636363634,4,1903
3000,1,0.3090909090909091,4,3128
3001,1,0.7999999999999999,11,2750
3002,1,0.3090909090909091,15,3117
3003,0,0.3090909090909091,4,103
3004,1,0.43636363636363634,17,3072
3005,1,0.3090909090909091,4,1517
3006,1,0.6181818181818182,0,1199
3007,1,0.3090909090909091,4,3082
3008,0,0.6181818181818182,3,1859
3009,1,0.43636363636363634,12,2500
3010,1,0.43636363636363634,1,400
3011,1,0.43636363636363634,12,2477
3012,1,0.7999999999999999,17,3278
3013,1,0.6181818181818182,7,279
3014,1,0.9999999999999999,6,2132
3015,1,0.3090909090909091,12,2500
3016,0,0.6181818181818182,9,2652
3017,1,0.6181818181818182,0,1494
3018,1,0.8909090909090909,12,3303
3019,0,0.6181818181818182,7,2042
3020,0,0.7999999999999999,15,2497
3021,1,0.43636363636363634,17,2488
3022,0,0.43636363636363634,7,2917
3023,1,0.6181818181818182,17,607
3024,0,0.6181818181818182,0,2739
3025,0,0.3090909090909091,4,1517
3026,1,0.3090909090909091,4,2677
3027,1,0.0,10,548
3028,1,0.3090909090909091,4,2900
3029,1,0.6181818181818182,1,1597
3030,1,0.3090909090909091,4,1612
3031,1,0.43636363636363634,0,1571
3032,1,0.3090909090909091,4,179
3033,0,0.3090909090909091,1,1193
3034,0,0.43636363636363634,7,2775
3035,1,0.9999999999999999,13,630
3036,0,0.43636363636363634,2,3305
3037,0,0.6181818181818182,2,3312
3038,0,0.8909090909090909,3,1221
3039,1,0.43636363636363634,8,869
3040,1,0.43636363636363634,4,3305
3041,1,0.9999999999999999,1,1680
3042,1,0.3090909090909091,2,2769
3043,1,0.6181818181818182,16,2421
3044,1,0.7999999999999999,1,2804
3045,1,0.0,4,1543
3046,0,0.43636363636363634,4,3063
3047,1,0.3090909090909091,2,84
3048,0,0.8909090909090909,0,131
3049,1,0.6181818181818182,12,3036
3050,1,0.3090909090909091,17,3044
3051,1,0.6181818181818182,12,422
3052,0,0.43636363636363634,3,1848
3053,1,0.3090909090909091,4,1416
3054,0,0.43636363636363634,3,3398
3055,1,0.43636363636363634,18,429
3056,0,0.43636363636363634,12,1928
3057,1,0.3090909090909091,12,1869
3058,1,0.6181818181818182,0,2328
3059,0,0.6181818181818182,1,2979
3060,1,0.7999999999999999,2,1039
3061,1,0.3090909090909091,4,189
3062,1,0.3090909090909091,4,189
3063,1,0.6181818181818182,17,2748
3064,0,0.3090909090909091,4,1612
3065,1,0.3090909090909091,4,2111
3066,0,0.43636363636363634,0,111
3067,0,0.6181818181818182,9,2207
3068,1,0.3090909090909091,4,3318
3069,0,0.3090909090909091,4,450
3070,1,0.43636363636363634,1,93
3071,1,0.8909090909090909,1,1872
3072,1,0.43636363636363634,0,2750
3073,1,0.43636363636363634,0,926
3074,0,0.43636363636363634,11,264
3075,1,0.6181818181818182,17,1059
3076,1,0.3090909090909091,4,1384
3077,0,0.6181818181818182,1,116
3078,0,0.43636363636363634,1,1905
3079,1,0.43636363636363634,20,1905
3080,1,0.43636363636363634,7,2420
3081,0,0.6181818181818182,6,1512
3082,0,0.8909090909090909,0,3314
3083,1,0.43636363636363634,16,34
3084,1,0.43636363636363634,4,2482
3085,1,0.3090909090909091,12,3353
3086,0,0.0,1,2813
3087,0,0.43636363636363634,4,2690
3088,1,0.7999999999999999,16,3014
3089,1,0.43636363636363634,2,2739
3090,0,0.43636363636363634,0,723
3091,1,0.6181818181818182,15,3356
3092,0,0.7999999999999999,20,2722
3093,1,0.6181818181818182,0,1060
3094,0,0.43636363636363634,3,294
3095,0,0.7999999999999999,3,1323
3096,0,0.43636363636363634,5,414
3097,1,0.43636363636363634,4,1859
3098,1,0.43636363636363634,17,830
3099,0,0.43636363636363634,6,2857
3100,1,0.3090909090909091,15,2823
3101,1,0.43636363636363634,12,1242
3102,1,0.43636363636363634,20,2177
3103,1,0.3090909090909091,17,95
3104,1,0.6181818181818182,12,3374
3105,1,0.43636363636363634,0,1192
3106,1,0.43636363636363634,17,2968
3107,1,0.8909090909090909,6,865
3108,0,0.43636363636363634,11,1383
3109,1,0.43636363636363634,0,399
3110,1,0.3090909090909091,4,1964
3111,1,0.3090909090909091,12,3369
3112,1,0.43636363636363634,10,1909
3113,1,0.3090909090909091,5,2192
3114,1,0.6181818181818182,17,1644
3115,1,0.43636363636363634,12,3338
3116,1,0.6181818181818182,0,2597
3117,1,0.43636363636363634,0,2400
3118,1,0.7999999999999999,1,1278
3119,1,0.3090909090909091,4,1909
3120,1,0.43636363636363634,2,1134
3121,0,0.43636363636363634,7,883
3122,1,0.43636363636363634,2,2792
3123,1,0.43636363636363634,12,1097
3124,1,0.43636363636363634,7,418
3125,1,0.43636363636363634,2,1134
3126,0,0.43636363636363634,0,400
3127,1,0.3090909090909091,2,406
3128,1,0.43636363636363634,7,845
3129,1,0.43636363636363634,7,1170
3130,0,0.43636363636363634,2,2757
3131,1,0.6181818181818182,7,3395
3132,1,0.3090909090909091,4,1229
3133,1,0.3090909090909091,4,1938
3134,1,0.43636363636363634,15,537
3135,0,0.43636363636363634,4,2288
3136,1,0.43636363636363634,11,474
3137,1,0.6181818181818182,17,1535
3138,1,0.9999999999999999,13,2720
3139,0,0.43636363636363634,4,2487
3140,1,0.43636363636363634,14,2586
3141,1,0.43636363636363634,20,2677
3142,0,0.8909090909090909,16,2784
3143,0,0.43636363636363634,7,2656
3144,1,0.3090909090909091,4,103
3145,1,0.43636363636363634,0,1123
3146,1,0.43636363636363634,14,1688
3147,1,0.3090909090909091,20,2289
3148,1,0.3090909090909091,4,2953
3149,0,0.43636363636363634,3,2989
3150,0,0.43636363636363634,0,2995
3151,1,0.3090909090909091,4,2111
3152,0,0.43636363636363634,4,2302
3153,0,0.43636363636363634,4,3209
3154,1,0.43636363636363634,7,1859
3155,1,0.6181818181818182,7,333
3156,1,0.43636363636363634,12,2996
3157,1,0.43636363636363634,15,647
3158,0,0.43636363636363634,15,646
3159,1,0.43636363636363634,17,2434
3160,1,0.43636363636363634,7,1903
3161,1,0.43636363636363634,1,387
3162,1,0.3090909090909091,15,3209
3163,1,0.3090909090909091,12,1864
3164,1,0.6181818181818182,7,2075
3165,1,0.3090909090909091,4,1154
3166,1,0.43636363636363634,2,2408
3167,0,0.6181818181818182,5,3101
3168,1,0.8909090909090909,0,936
3169,1,0.43636363636363634,0,367
3170,0,0.8909090909090909,3,428
3171,1,0.3090909090909091,12,1903
3172,1,0.43636363636363634,12,1882
3173,0,0.3090909090909091,14,411
3174,1,0.6181818181818182,16,408
3175,1,0.43636363636363634,17,3177
3176,0,0.43636363636363634,6,3071
3177,0,0.6181818181818182,5,1452
3178,0,0.3090909090909091,20,96
3179,1,0.43636363636363634,14,319
3180,1,0.43636363636363634,12,320
3181,1,0.43636363636363634,12,554
3182,1,0.8909090909090909,7,2057
3183,0,0.43636363636363634,18,850
3184,1,0.3090909090909091,7,1884
3185,1,0.8909090909090909,1,2926
3186,1,0.6181818181818182,12,1175
3187,1,0.9999999999999999,13,1887
3188,1,0.43636363636363634,16,2790
3189,1,0.0,17,3271
3190,1,0.43636363636363634,12,993
3191,1,0.3090909090909091,4,181
3192,1,0.43636363636363634,0,2893
3193,1,0.43636363636363634,15,2966
3194,1,0.3090909090909091,4,2546
3195,0,0.3090909090909091,4,1484
3196,0,0.3090909090909091,14,3057
3197,1,0.43636363636363634,12,3057
3198,1,0.3090909090909091,0,1969
3199,0,0.43636363636363634,1,3371
3200,1,0.7999999999999999,7,1261
3201,0,0.3090909090909091,4,943
3202,1,0.6181818181818182,0,2781
3203,1,0.7999999999999999,16,2555
3204,0,0.6181818181818182,16,2555
3205,1,0.3090909090909091,20,1420
3206,1,0.6181818181818182,7,2074
3207,1,0.43636363636363634,14,1100
3208,1,0.43636363636363634,0,856
3209,0,0.7999999999999999,0,93
3210,1,0.8909090909090909,16,779
3211,0,0.43636363636363634,17,473
3212,0,0.43636363636363634,1,2598
3213,0,0.9999999999999999,7,412
3214,0,0.8909090909090909,13,1934
3215,1,0.6181818181818182,1,1812
3216,0,0.6181818181818182,0,2963
3217,1,0.9999999999999999,6,1589
3218,0,0.3090909090909091,4,1808
3219,1,0.6181818181818182,7,1805
3220,1,0.43636363636363634,0,722
3221,1,0.6181818181818182,7,446
3222,1,0.43636363636363634,20,408
3223,0,0.43636363636363634,14,3012
3224,1,0.3090909090909091,0,649
3225,1,0.6181818181818182,4,419
3226,0,0.43636363636363634,14,2092
3227,1,0.43636363636363634,14,253
3228,0,0.9999999999999999,1,3004
3229,1,0.6181818181818182,16,2963
3230,1,0.43636363636363634,7,1859
3231,1,0.6181818181818182,12,2988
3232,1,0.8909090909090909,2,2094
3233,0,0.0,0,2741
3234,1,0.3090909090909091,4,2699
3235,1,0.3090909090909091,15,2691
3236,1,0.6181818181818182,7,252
3237,1,0.6181818181818182,7,427
3238,0,0.43636363636363634,12,341
3239,1,0.3090909090909091,4,1897
3240,0,0.8909090909090909,0,774
3241,1,0.8909090909090909,13,3049
3242,1,0.43636363636363634,12,3362
3243,0,0.3090909090909091,4,2965
3244,1,0.3090909090909091,2,380
3245,0,0.6181818181818182,1,2654
3246,1,0.6181818181818182,15,2967
3247,0,0.43636363636363634,7,3061
3248,0,0.43636363636363634,4,2966
3249,1,0.43636363636363634,4,2769
3250,1,0.6181818181818182,17,652
3251,1,0.8909090909090909,0,2375
3252,0,0.6181818181818182,4,961
3253,0,0.6181818181818182,6,3232
3254,0,0.43636363636363634,15,2884
3255,1,0.43636363636363634,15,2919
3256,1,0.43636363636363634,14,3053
3257,1,0.7999999999999999,6,125
3258,0,0.3090909090909091,4,3209
3259,1,0.43636363636363634,4,1463
3260,1,0.7999999999999999,20,2696
3261,1,0.43636363636363634,14,1894
3262,1,0.8909090909090909,11,2204
3263,0,0.43636363636363634,1,3098
3264,1,0.43636363636363634,15,1790
3265,0,0.43636363636363634,4,3209
3266,1,0.43636363636363634,4,2484
3267,1,0.43636363636363634,12,229
3268,0,0.3090909090909091,20,1485
3269,1,0.3090909090909091,11,1485
3270,0,0.6181818181818182,0,2978
3271,1,0.6181818181818182,0,365
3272,1,0.6181818181818182,7,468
3273,1,0.43636363636363634,20,83
3274,1,0.6181818181818182,7,420
3275,1,0.43636363636363634,20,1894
3276,1,0.43636363636363634,17,3054
3277,1,0.6181818181818182,7,408
3278,1,0.7999999999999999,15,2996
3279,1,0.43636363636363634,7,1218
3280,1,0.43636363636363634,17,2513
3281,1,0.7999999999999999,3,778
3282,1,0.6181818181818182,16,2209
3283,1,0.43636363636363634,6,1624
3284,1,0.43636363636363634,4,1471
3285,0,0.6181818181818182,7,2522
3286,1,0.9999999999999999,13,978
3287,1,0.43636363636363634,14,3072
3288,1,0.7999999999999999,6,3215
3289,1,0.43636363636363634,14,2790
3290,0,0.43636363636363634,7,980
3291,0,0.8909090909090909,6,2508
3292,1,0.7999999999999999,14,1293
3293,1,0.3090909090909091,4,2496
3294,1,0.3090909090909091,18,2927
3295,1,0.3090909090909091,14,2790
3296,1,0.3090909090909091,4,2840
3297,1,0.0,10,822
3298,0,0.43636363636363634,4,728
3299,1,0.6181818181818182,5,728
3300,0,0.43636363636363634,2,2677
3301,1,0.43636363636363634,17,2309
3302,1,0.9999999999999999,17,276
3303,0,0.7999999999999999,5,2967
3304,1,0.9999999999999999,20,3132
3305,1,0.7999999999999999,14,2003
3306,1,0.8909090909090909,6,2806
3307,0,0.3090909090909091,20,655
3308,1,0.43636363636363634,17,803
3309,1,0.7999999999999999,14,543
3310,1,0.43636363636363634,4,2759
3311,0,0.3090909090909091,4,2759
3312,1,0.6181818181818182,20,2790
3313,1,0.43636363636363634,7,288
3314,1,0.43636363636363634,12,2489
3315,1,0.0,19,2950
3316,1,0.43636363636363634,4,2484
3317,1,0.9999999999999999,13,1064
3318,0,0.9999999999999999,13,2937
3319,1,0.43636363636363634,1,1956
3320,1,0.6181818181818182,1,3190
3321,0,0.3090909090909091,4,2241
3322,1,0.6181818181818182,14,510
3323,1,0.6181818181818182,17,1592
3324,0,0.6181818181818182,14,1335
3325,1,0.7999999999999999,7,2181
3326,1,0.3090909090909091,12,2857
3327,1,0.9999999999999999,19,2881
3328,1,0.8909090909090909,18,2282
3329,0,0.6181818181818182,1,1579
3330,0,0.43636363636363634,7,298
3331,1,0.43636363636363634,7,298
3332,1,0.3090909090909091,16,1037
3333,1,0.6181818181818182,0,395
3334,1,0.43636363636363634,0,416
3335,1,0.6181818181818182,17,3013
3336,1,0.43636363636363634,4,3291
3337,1,0.7999999999999999,16,357
3338,1,0.43636363636363634,17,1426
3339,1,0.7999999999999999,16,1595
3340,1,0.43636363636363634,20,2870
3341,0,0.43636363636363634,5,2979
3342,0,0.3090909090909091,4,2514
3343,1,0.6181818181818182,0,391
3344,1,0.43636363636363634,7,696
3345,1,0.6181818181818182,7,1805
3346,0,0.6181818181818182,7,2850
3347,1,0.7999999999999999,16,3101
3348,0,0.3090909090909091,4,2901
3349,0,0.3090909090909091,0,814
3350,0,0.3090909090909091,5,2995
3351,1,0.6181818181818182,0,1105
3352,1,0.6181818181818182,17,2976
3353,1,0.43636363636363634,7,695
3354,1,0.43636363636363634,1,1343
3355,1,0.6181818181818182,7,3158
3356,1,0.43636363636363634,18,2171
3357,0,0.43636363636363634,1,2880
3358,1,0.43636363636363634,20,909
3359,0,0.43636363636363634,0,2964
3360,1,0.43636363636363634,4,2880
3361,0,0.43636363636363634,0,2773
3362,0,0.6181818181818182,9,219
3363,1,0.9999999999999999,13,671
3364,1,0.8909090909090909,17,911
3365,1,0.6181818181818182,14,374
3366,1,0.8909090909090909,16,418
3367,1,0.43636363636363634,14,1926
3368,1,0.7999999999999999,18,625
3369,1,0.3090909090909091,4,2990
3370,1,0.43636363636363634,2,1899
3371,1,0.9999999999999999,13,1864
3372,1,0.3090909090909091,16,3133
3373,1,0.6181818181818182,5,2186
3374,1,0.43636363636363634,4,2729
3375,1,0.6181818181818182,16,451
3376,1,0.43636363636363634,17,198
3377,1,0.3090909090909091,4,1612
3378,1,0.6181818181818182,1,782
3379,1,0.8909090909090909,0,814
3380,1,0.43636363636363634,0,3243
3381,0,0.0,10,1878
3382,1,0.9999999999999999,16,188
3383,1,0.6181818181818182,7,2834
3384,0,0.43636363636363634,9,1136
3385,1,0.3090909090909091,4,1909
3386,1,0.3090909090909091,1,3130
3387,0,0.43636363636363634,1,2964
3388,1,0.3090909090909091,0,592
3389,0,0.7999999999999999,20,147
3390,1,0.3090909090909091,4,1612
3391,1,0.8909090909090909,6,361
3392,1,0.6181818181818182,12,2068
3393,1,0.6181818181818182,7,2769
3394,1,0.43636363636363634,7,100
3395,1,0.43636363636363634,12,647
3396,1,0.43636363636363634,5,1909
3397,1,0.3090909090909091,20,1061
3398,1,0.43636363636363634,4,623
3399,1,0.43636363636363634,14,373
3400,1,0.6181818181818182,7,2376
3401,1,0.6181818181818182,20,1088
3402,1,0.6181818181818182,5,1650
3403,1,0.43636363636363634,8,3190
3404,1,0.6181818181818182,14,2909
3405,0,0.43636363636363634,7,2647
3406,0,0.7999999999999999,5,2007
3407,1,0.43636363636363634,17,629
3408,1,0.43636363636363634,4,1609
3409,1,0.6181818181818182,1,800
3410,1,0.3090909090909091,4,104
3411,1,0.43636363636363634,18,2646
3412,0,0.43636363636363634,17,2909
3413,1,0.43636363636363634,17,2345
3414,1,0.6181818181818182,7,2533
3415,1,0.43636363636363634,12,816
3416,0,0.3090909090909091,2,619
3417,0,0.3090909090909091,3,886
3418,1,0.7999999999999999,1,664
3419,0,0.43636363636363634,7,1601
3420,1,0.7999999999999999,7,3085
3421,1,0.43636363636363634,5,1391
3422,1,0.43636363636363634,7,2612
3423,1,0.43636363636363634,6,2919
3424,1,0.3090909090909091,20,1612
3425,1,0.43636363636363634,20,2762
3426,1,0.43636363636363634,14,2470
3427,1,0.7999999999999999,1,1579
3428,0,0.43636363636363634,7,3116
3429,0,0.7999999999999999,1,644
3430,0,0.7999999999999999,6,1670
3431,1,0.43636363636363634,12,972
3432,1,0.3090909090909091,12,1860
3433,1,0.3090909090909091,4,1670
3434,1,0.7999999999999999,1,1670
3435,1,0.6181818181818182,0,3400
3436,0,0.43636363636363634,0,1286
3437,0,0.43636363636363634,0,2491
3438,1,0.3090909090909091,17,2377
3439,1,0.9999999999999999,17,1168
3440,0,0.43636363636363634,14,3056
3441,1,0.3090909090909091,12,823
3442,0,0.6181818181818182,17,1628
3443,1,0.8909090909090909,14,1212
3444,0,0.6181818181818182,20,2890
3445,1,0.43636363636363634,7,1109
3446,1,0.43636363636363634,12,3070
3447,0,0.3090909090909091,3,2087
3448,1,0.43636363636363634,14,107
3449,1,0.43636363636363634,5,2467
3450,0,0.43636363636363634,11,3063
3451,1,0.43636363636363634,14,336
3452,1,0.6181818181818182,7,349
3453,1,0.3090909090909091,0,2926
3454,0,0.43636363636363634,0,335
3455,1,0.43636363636363634,17,1809
3456,1,0.43636363636363634,20,716
3457,1,0.7999999999999999,0,99
3458,1,0.3090909090909091,4,2384
3459,1,0.0,4,406
3460,1,0.6181818181818182,0,3196
3461,0,0.43636363636363634,4,2302
3462,1,0.43636363636363634,15,2552
3463,0,0.43636363636363634,14,2467
3464,1,0.43636363636363634,14,1504
3465,1,0.43636363636363634,14,3078
3466,1,0.43636363636363634,14,1915
3467,1,0.43636363636363634,20,3101
3468,1,0.7999999999999999,17,119
3469,1,0.6181818181818182,17,1716
3470,1,0.3090909090909091,4,2553
3471,1,0.43636363636363634,6,1195
3472,0,0.6181818181818182,16,145
3473,1,0.6181818181818182,11,440
3474,1,0.43636363636363634,14,1189
3475,1,0.8909090909090909,0,1429
3476,0,0.8909090909090909,1,417
3477,1,0.43636363636363634,7,412
3478,1,0.3090909090909091,4,2474
3479,1,0.43636363636363634,0,1985
3480,1,0.3090909090909091,4,3067
3481,1,0.8909090909090909,17,356
3482,0,0.7999999999999999,7,1084
3483,1,0.3090909090909091,4,1016
3484,1,0.43636363636363634,0,3066
3485,0,0.3090909090909091,0,3381
3486,1,0.3090909090909091,4,2075
3487,1,0.7999999999999999,17,2546
3488,1,0.3090909090909091,4,2040
3489,1,0.43636363636363634,0,2315
3490,1,0.43636363636363634,16,1018
3491,1,0.6181818181818182,7,2392
3492,1,0.43636363636363634,17,2102
3493,1,0.43636363636363634,1,1020
3494,1,0.3090909090909091,4,3119
3495,1,0.6181818181818182,5,2994
3496,0,0.6181818181818182,2,3056
3497,1,0.43636363636363634,17,1002
3498,1,0.43636363636363634,3,2393
3499,1,0.6181818181818182,7,799
3500,0,0.6181818181818182,7,1091
3501,0,0.3090909090909091,7,2560
3502,1,0.3090909090909091,4,1988
3503,1,0.3090909090909091,7,120
3504,0,0.43636363636363634,15,1938
3505,1,0.3090909090909091,12,2560
3506,1,0.43636363636363634,0,145
3507,1,0.3090909090909091,4,114
3508,1,0.3090909090909091,4,93
3509,0,0.3090909090909091,4,107
3510,1,0.8909090909090909,0,2701
3511,1,0.3090909090909091,17,105
3512,1,0.43636363636363634,16,68
3513,1,0.3090909090909091,12,1093
3514,1,0.6181818181818182,3,1837
3515,1,0.3090909090909091,4,1367
3516,1,0.3090909090909091,12,1795
3517,0,0.3090909090909091,7,473
3518,0,0.43636363636363634,14,473
3519,1,0.43636363636363634,0,1355
3520,1,0.43636363636363634,0,1772
3521,1,0.3090909090909091,0,3317
3522,1,0.6181818181818182,7,1780
3523,0,0.43636363636363634,0,2593
3524,0,0.3090909090909091,4,107
3525,1,0.6181818181818182,2,2125
3526,1,0.43636363636363634,0,1772
3527,1,0.6181818181818182,5,1363
3528,0,0.7999999999999999,1,3307
3529,1,0.43636363636363634,0,2410
3530,0,0.43636363636363634,11,1904
3531,0,0.6181818181818182,14,420
3532,1,0.43636363636363634,2,1887
3533,1,0.6181818181818182,17,2239
3534,1,0.7999999999999999,18,2442
3535,1,0.3090909090909091,4,1968
3536,1,0.0,10,3313
3537,1,0.6181818181818182,0,1352
3538,0,0.43636363636363634,4,2393
3539,1,0.3090909090909091,17,1969
3540,1,0.43636363636363634,3,150
3541,1,0.43636363636363634,15,628
3542,1,0.43636363636363634,17,2093
3543,0,0.43636363636363634,4,2948
3544,1,0.6181818181818182,12,2948
3545,1,0.43636363636363634,20,1364
3546,1,0.6181818181818182,16,3055
3547,1,0.7999999999999999,7,2999
3548,0,0.6181818181818182,7,2027
3549,1,0.43636363636363634,5,1934
3550,0,0.9999999999999999,0,3389
3551,0,0.6181818181818182,2,174
3552,1,0.6181818181818182,16,2105
3553,1,0.43636363636363634,15,641
3554,1,0.9999999999999999,7,1922
3555,1,0.43636363636363634,17,182
3556,1,0.3090909090909091,5,1620
3557,1,0.3090909090909091,17,2202
3558,1,0.3090909090909091,4,485
3559,0,0.43636363636363634,6,2311
3560,1,0.6181818181818182,14,2163
3561,0,0.43636363636363634,6,1167
3562,1,0.43636363636363634,2,1189
3563,1,0.43636363636363634,11,117
3564,1,0.43636363636363634,18,1787
3565,1,0.7999999999999999,0,1803
3566,1,0.43636363636363634,14,1825
3567,1,0.43636363636363634,0,3400
3568,0,0.3090909090909091,2,1665
3569,1,0.6181818181818182,12,711
3570,1,0.3090909090909091,4,426
3571,1,0.6181818181818182,11,236
3572,1,0.0,10,1670
3573,0,0.6181818181818182,6,1207
3574,1,0.43636363636363634,18,1825
3575,1,0.8909090909090909,7,2228
3576,0,0.9999999999999999,0,0
3577,1,0.8909090909090909,3,3245
3578,1,0.3090909090909091,0,1137
3579,0,0.3090909090909091,3,1137
3580,1,0.3090909090909091,1,1971
3581,0,0.6181818181818182,0,1750
3582,0,0.43636363636363634,9,1361
3583,1,0.3090909090909091,0,2388
3584,1,0.6181818181818182,20,2087
3585,1,0.6181818181818182,20,2087
3586,1,0.6181818181818182,3,3020
3587,1,0.43636363636363634,2,2768
3588,0,0.7999999999999999,0,2520
3589,0,0.3090909090909091,15,93
3590,1,0.6181818181818182,6,3240
3591,0,0.9999999999999999,2,3433
3592,0,0.43636363636363634,9,1801
3593,1,0.0,0,122
3594,1,0.43636363636363634,0,2635
3595,0,0.6181818181818182,4,721
3596,1,0.43636363636363634,17,1933
3597,1,0.9999999999999999,1,2771
3598,1,0.43636363636363634,16,3311
3599,1,0.6181818181818182,20,3086
3600,0,0.6181818181818182,3,3194
3601,1,0.43636363636363634,12,1932
3602,0,0.6181818181818182,7,2483
3603,0,0.0,10,174
3604,1,0.3090909090909091,12,2087
3605,0,0.43636363636363634,15,133
3606,1,0.6181818181818182,17,1149
3607,0,0.6181818181818182,9,174
3608,0,0.43636363636363634,17,1632
3609,1,0.3090909090909091,6,1066
3610,1,0.43636363636363634,2,2628
3611,1,0.43636363636363634,14,1042
3612,1,0.43636363636363634,0,1287
3613,1,0.43636363636363634,0,1511
3614,1,0.43636363636363634,17,2370
3615,1,0.7999999999999999,0,1230
3616,1,0.6181818181818182,7,1679
3617,1,0.9999999999999999,17,898
3618,1,0.8909090909090909,16,3275
3619,1,0.43636363636363634,7,3063
3620,1,0.3090909090909091,4,1181
3621,1,0.3090909090909091,1,134
3622,1,0.6181818181818182,11,1385
3623,1,0.43636363636363634,12,2012
3624,1,0.3090909090909091,10,1656
3625,1,0.43636363636363634,17,2338
3626,0,0.6181818181818182,1,2662
3627,1,0.43636363636363634,7,2489
3628,0,0.8909090909090909,7,415
3629,1,0.3090909090909091,4,2392
3630,1,0.3090909090909091,4,2392
3631,1,0.8909090909090909,11,1235
3632,1,0.6181818181818182,18,2048
3633,1,0.8909090909090909,1,2700
3634,1,0.8909090909090909,1,2011
3635,1,0.43636363636363634,0,292
3636,1,0.43636363636363634,6,3069
3637,1,0.43636363636363634,2,2758
3638,1,0.3090909090909091,4,2466
3639,1,0.6181818181818182,7,129
3640,1,0.43636363636363634,0,2889
3641,0,0.43636363636363634,7,3377
3642,1,0.43636363636363634,17,884
3643,0,0.43636363636363634,11,1794
3644,1,0.6181818181818182,17,3296
3645,1,0.6181818181818182,20,3354
3646,1,0.43636363636363634,7,2534
3647,1,0.3090909090909091,4,2645
3648,0,0.43636363636363634,0,3061
3649,1,0.43636363636363634,0,2075
3650,1,0.43636363636363634,14,3352
3651,1,0.43636363636363634,12,3119
3652,1,0.3090909090909091,15,3242
3653,1,0.43636363636363634,17,3137
3654,0,0.43636363636363634,7,3066
3655,0,0.7999999999999999,5,1248
3656,1,0.3090909090909091,17,3170
3657,0,0.43636363636363634,7,315
3658,1,0.3090909090909091,4,1047
3659,1,0.6181818181818182,7,638
3660,1,0.6181818181818182,12,385
3661,1,0.6181818181818182,16,375
3662,0,0.6181818181818182,9,673
3663,0,0.6181818181818182,1,3040
3664,1,0.43636363636363634,0,3234
3665,1,0.7999999999999999,0,2233
3666,0,0.0,10,449
3667,0,0.7999999999999999,7,1210
3668,1,0.43636363636363634,14,2029
3669,1,0.7999999999999999,14,1869
3670,1,0.43636363636363634,4,3351
3671,1,0.6181818181818182,5,366
3672,1,0.43636363636363634,2,400
3673,1,0.43636363636363634,20,1032
3674,1,0.6181818181818182,7,291
3675,0,0.6181818181818182,12,1604
3676,0,0.43636363636363634,12,302
3677,1,0.43636363636363634,0,300
3678,1,0.43636363636363634,4,2229
3679,0,0.43636363636363634,1,3143
3680,1,0.43636363636363634,7,1048
3681,0,0.8909090909090909,1,449
3682,1,0.43636363636363634,2,1108
3683,1,0.43636363636363634,17,2601
3684,1,0.43636363636363634,5,1846
3685,1,0.43636363636363634,7,1589
3686,0,0.8909090909090909,1,2122
3687,1,0.3090909090909091,6,847
3688,1,0.43636363636363634,0,2572
3689,1,0.3090909090909091,0,2144
3690,1,0.43636363636363634,7,836
3691,1,0.6181818181818182,17,2725
3692,1,0.43636363636363634,15,3043
3693,1,0.43636363636363634,12,1011
3694,1,0.43636363636363634,2,3399
3695,1,0.6181818181818182,7,737
3696,1,0.43636363636363634,15,2241
3697,1,0.43636363636363634,7,1769
3698,0,0.9999999999999999,3,1079
3699,1,0.43636363636363634,14,414
3700,1,0.6181818181818182,1,2956
3701,1,0.6181818181818182,15,1760
3702,1,0.3090909090909091,12,3313
3703,0,0.6181818181818182,0,233
3704,1,0.7999999999999999,7,1071
3705,1,0.43636363636363634,12,1552
3706,0,0.3090909090909091,0,1254
3707,1,0.9999999999999999,7,1074
3708,1,0.43636363636363634,12,2733
3709,1,0.0,10,168
3710,1,0.6181818181818182,0,1149
3711,1,0.43636363636363634,17,2001
3712,0,0.43636363636363634,7,877
3713,1,0.43636363636363634,17,2919
3714,1,0.3090909090909091,5,1920
3715,1,0.3090909090909091,12,1273
3716,1,0.6181818181818182,17,3097
3717,1,0.8909090909090909,17,340
3718,1,0.43636363636363634,1,1342
3719,1,0.7999999999999999,7,1379
3720,1,0.43636363636363634,15,3045
3721,1,0.43636363636363634,18,2566
3722,1,0.43636363636363634,14,1756
3723,1,0.6181818181818182,6,2415
3724,1,0.3090909090909091,4,1155
3725,1,0.43636363636363634,17,2997
3726,1,0.6181818181818182,7,2318
3727,1,0.3090909090909091,4,307
3728,1,0.3090909090909091,4,782
3729,1,0.43636363636363634,1,1672
3730,1,0.43636363636363634,17,2226
3731,1,0.43636363636363634,17,2030
3732,1,0.3090909090909091,4,164
3733,1,0.3090909090909091,4,2448
3734,1,0.43636363636363634,0,403
3735,1,0.6181818181818182,1,1438
3736,1,0.43636363636363634,14,1283
3737,1,0.7999999999999999,7,69
3738,1,0.9999999999999999,11,1589
3739,1,0.3090909090909091,5,1862
3740,1,0.43636363636363634,0,3257
3741,1,0.43636363636363634,0,2783
3742,0,0.6181818181818182,7,2720
3743,1,0.43636363636363634,0,2089
3744,0,0.43636363636363634,9,1694
3745,1,0.43636363636363634,5,1816
3746,1,0.7999999999999999,13,2713
3747,1,0.3090909090909091,4,79
3748,0,0.43636363636363634,0,2095
3749,0,0.3090909090909091,4,3062
3750,0,0.6181818181818182,12,1940
3751,0,0.3090909090909091,1,2683
3752,1,0.43636363636363634,7,1373
3753,1,0.9999999999999999,7,3123
3754,0,0.8909090909090909,14,377
3755,1,0.3090909090909091,12,1767
3756,1,0.43636363636363634,7,2954
3757,0,0.6181818181818182,5,78
3758,1,0.6181818181818182,6,1819
3759,1,0.8909090909090909,0,1874
3760,1,0.43636363636363634,17,988
3761,1,0.8909090909090909,6,504
3762,1,0.43636363636363634,2,3399
3763,1,0.43636363636363634,1,267
3764,0,0.8909090909090909,3,1254
3765,0,0.3090909090909091,1,1511
3766,1,0.43636363636363634,0,3077
3767,1,0.43636363636363634,4,2683
3768,1,0.43636363636363634,15,134
3769,0,0.6181818181818182,3,1733
3770,1,0.43636363636363634,1,635
3771,1,0.6181818181818182,17,261
3772,1,0.6181818181818182,6,1724
3773,1,0.43636363636363634,0,1751
3774,1,0.6181818181818182,12,621
3775,0,0.43636363636363634,4,1724
3776,1,0.3090909090909091,4,913
3777,1,0.43636363636363634,0,2114
3778,0,0.7999999999999999,2,3391
3779,1,0.0,0,1568
3780,0,0.9999999999999999,11,1809
3781,0,0.43636363636363634,0,3116
3782,1,0.43636363636363634,7,3299
3783,0,0.43636363636363634,1,3332
3784,0,0.43636363636363634,20,3010
3785,0,0.43636363636363634,0,3061
3786,0,0.43636363636363634,0,3127
3787,0,0.3090909090909091,0,3113
3788,0,0.43636363636363634,0,3057
3789,0,0.43636363636363634,17,3125
3790,1,0.8909090909090909,18,2060
3791,1,0.43636363636363634,6,2229
3792,1,0.3090909090909091,4,842
3793,0,0.3090909090909091,4,1771
3794,0,0.3090909090909091,4,2855
3795,1,0.7999999999999999,14,78
3796,1,0.43636363636363634,7,130
3797,1,0.43636363636363634,7,1646
3798,1,0.3090909090909091,0,683
3799,1,0.3090909090909091,1,1511
3800,1,0.3090909090909091,12,1273
3801,1,0.3090909090909091,0,3091
3802,0,0.6181818181818182,9,703
3803,1,0.43636363636363634,6,285
3804,0,0.6181818181818182,1,2708
3805,1,0.3090909090909091,4,1851
3806,0,0.6181818181818182,19,1130
3807,1,0.43636363636363634,7,1993
3808,1,0.6181818181818182,6,799
3809,1,0.8909090909090909,7,780
3810,1,0.43636363636363634,15,3352
3811,1,0.6181818181818182,17,2496
3812,1,0.6181818181818182,7,2574
3813,1,0.43636363636363634,15,3351
3814,1,0.43636363636363634,17,1782
3815,0,0.43636363636363634,3,2745
3816,1,0.6181818181818182,3,789
3817,1,0.7999999999999999,17,1172
3818,1,0.43636363636363634,12,1273
3819,1,0.43636363636363634,17,2815
3820,1,0.43636363636363634,20,1452
3821,1,0.7999999999999999,20,3332
3822,1,0.9999999999999999,7,3023
3823,1,0.43636363636363634,17,1144
3824,1,0.3090909090909091,1,272
3825,1,0.43636363636363634,1,1601
3826,1,0.8909090909090909,2,2686
3827,1,0.43636363636363634,20,2911
3828,0,0.43636363636363634,1,888
3829,1,0.3090909090909091,4,2085
3830,0,0.3090909090909091,6,2630
3831,0,0.43636363636363634,7,1389
3832,1,0.43636363636363634,1,2241
3833,1,0.3090909090909091,2,122
3834,1,0.43636363636363634,7,1355
3835,0,0.8909090909090909,8,2629
3836,1,0.43636363636363634,17,1025
3837,0,0.43636363636363634,14,421
3838,1,0.8909090909090909,14,158
3839,0,0.43636363636363634,0,119
3840,1,0.7999999999999999,18,954
3841,0,0.6181818181818182,16,2901
3842,0,0.0,10,1127
3843,1,0.3090909090909091,4,2297
3844,1,0.43636363636363634,12,3045
3845,1,0.6181818181818182,0,1236
3846,1,0.43636363636363634,7,550
3847,1,0.43636363636363634,15,2265
3848,1,0.6181818181818182,0,600
3849,1,0.3090909090909091,3,2936
3850,1,0.43636363636363634,12,2092
3851,1,0.8909090909090909,16,2042
3852,1,0.43636363636363634,14,2956
3853,1,0.43636363636363634,14,1099
3854,1,0.43636363636363634,17,826
3855,0,0.6181818181818182,20,3015
3856,1,0.3090909090909091,14,381
3857,0,0.7999999999999999,9,2146
3858,1,0.43636363636363634,0,2723
3859,1,0.7999999999999999,17,1430
3860,1,0.3090909090909091,4,547
3861,1,0.43636363636363634,17,418
3862,1,0.43636363636363634,0,3104
3863,1,0.8909090909090909,20,1044
3864,0,0.0,10,3233
3865,1,0.7999999999999999,14,2154
3866,1,0.6181818181818182,3,1483
3867,1,0.3090909090909091,12,2298
3868,1,0.3090909090909091,17,2167
3869,1,0.43636363636363634,17,3162
3870,1,0.3090909090909091,4,2185
3871,1,0.43636363636363634,1,618
3872,0,0.7999999999999999,2,3104
3873,1,0.43636363636363634,7,2912
3874,1,0.43636363636363634,0,2215
3875,1,0.43636363636363634,0,480
3876,1,0.7999999999999999,1,1227
3877,1,0.6181818181818182,16,874
3878,1,0.43636363636363634,3,2596
3879,1,0.43636363636363634,7,1826
3880,1,0.3090909090909091,2,1464
3881,1,0.9999999999999999,14,1884
3882,1,0.8909090909090909,16,2471
3883,1,0.3090909090909091,4,2500
3884,1,0.43636363636363634,12,2981
3885,1,0.6181818181818182,7,3153
3886,1,0.3090909090909091,4,2561
3887,1,0.7999999999999999,17,85
3888,1,0.7999999999999999,6,2206
3889,1,0.3090909090909091,4,1193
3890,0,0.9999999999999999,16,2759
3891,1,0.43636363636363634,20,2862
3892,1,0.43636363636363634,6,2507
3893,1,0.6181818181818182,16,104
3894,0,0.6181818181818182,0,806
3895,1,0.6181818181818182,0,2097
3896,1,0.9999999999999999,17,2906
3897,1,0.7999999999999999,11,54
3898,1,0.43636363636363634,17,101
3899,0,0.43636363636363634,14,1886
3900,1,0.3090909090909091,14,2659
3901,1,0.43636363636363634,5,1537
3902,1,0.43636363636363634,0,152
3903,1,0.0,10,1657
3904,1,0.43636363636363634,17,1271
3905,1,0.8909090909090909,17,1810
3906,0,0.3090909090909091,14,877
3907,1,0.43636363636363634,0,414
3908,1,0.3090909090909091,17,721
3909,1,0.43636363636363634,20,2862
3910,1,0.3090909090909091,0,2900
3911,1,0.43636363636363634,4,721
3912,1,0.3090909090909091,17,1347
3913,1,0.6181818181818182,4,2626
3914,0,0.6181818181818182,3,2268
3915,1,0.43636363636363634,4,100
3916,0,0.6181818181818182,9,2080
3917,1,0.43636363636363634,18,1082
3918,1,0.7999999999999999,0,2305
3919,1,0.6181818181818182,17,2151
3920,1,0.43636363636363634,14,3223
3921,1,0.3090909090909091,4,1771
3922,1,0.6181818181818182,2,2920
3923,1,0.8909090909090909,12,2781
3924,1,0.43636363636363634,12,2405
3925,1,0.43636363636363634,2,3083
3926,0,0.43636363636363634,16,2227
3927,1,0.43636363636363634,0,1945
3928,1,0.43636363636363634,5,2545
3929,1,0.9999999999999999,3,1746
3930,1,0.43636363636363634,5,2922
3931,1,0.43636363636363634,7,1681
3932,0,0.6181818181818182,6,1591
3933,1,0.43636363636363634,0,1462
3934,1,0.6181818181818182,18,2275
3935,0,0.6181818181818182,12,25
3936,1,0.9999999999999999,2,2894
3937,1,0.43636363636363634,2,2980
3938,1,0.7999999999999999,7,2855
3939,1,0.6181818181818182,20,1159
3940,1,0.7999999999999999,17,1344
3941,1,0.3090909090909091,4,1715
3942,0,0.6181818181818182,7,3348
3943,0,0.6181818181818182,16,2556
3944,0,0.7999999999999999,1,3249
3945,0,0.43636363636363634,12,882
3946,1,0.43636363636363634,0,2744
3947,0,0.7999999999999999,12,2104
3948,1,0.7999999999999999,0,1442
3949,1,0.43636363636363634,4,2008
3950,0,0.3090909090909091,4,1995
3951,0,0.7999999999999999,1,539
3952,1,0.43636363636363634,12,1863
3953,1,0.3090909090909091,4,1151
3954,1,0.6181818181818182,0,551
3955,1,0.43636363636363634,0,3141
3956,1,0.6181818181818182,11,1350
3957,1,0.7999999999999999,7,1526
3958,0,0.7999999999999999,1,203
3959,0,0.6181818181818182,14,1831
3960,1,0.43636363636363634,1,1487
3961,0,0.9999999999999999,0,3360
3962,1,0.8909090909090909,20,1060
3963,1,0.9999999999999999,16,2214
3964,1,0.3090909090909091,11,2190
3965,1,0.43636363636363634,0,1073
3966,0,0.3090909090909091,2,592
3967,1,0.43636363636363634,2,178
3968,1,0.9999999999999999,7,537
3969,0,0.43636363636363634,2,178
3970,0,0.3090909090909091,4,2546
3971,0,0.43636363636363634,6,921
3972,1,0.43636363636363634,7,2078
3973,1,0.6181818181818182,0,1114
3974,0,0.43636363636363634,5,1394
3975,0,0.43636363636363634,0,1424
3976,1,0.6181818181818182,14,875
3977,1,0.6181818181818182,13,2468
3978,0,0.8909090909090909,9,1983
3979,1,0.43636363636363634,4,2217
3980,0,0.7999999999999999,0,3321
3981,1,0.9999999999999999,13,3236
3982,1,0.43636363636363634,0,1108
3983,1,0.43636363636363634,7,2342
3984,1,0.7999999999999999,16,66
3985,1,0.43636363636363634,7,1210
3986,0,0.3090909090909091,4,48
3987,0,0.43636363636363634,14,2090
3988,1,0.8909090909090909,12,1060
3989,1,0.43636363636363634,16,676
3990,1,0.43636363636363634,7,1205
3991,1,0.43636363636363634,4,1157
3992,1,0.43636363636363634,0,861
3993,1,0.8909090909090909,7,1380
3994,1,0.6181818181818182,17,901
3995,1,0.3090909090909091,14,1169
3996,1,0.6181818181818182,17,1501
3997,1,0.7999999999999999,0,2317
3998,1,0.6181818181818182,17,1112
3999,1,0.6181818181818182,7,389
4000,0,0.43636363636363634,1,63
4001,1,0.7999999999999999,16,825
4002,1,0.9999999999999999,13,1529
4003,1,0.8909090909090909,0,841
4004,1,0.6181818181818182,7,521
4005,1,0.0,7,1584
4006,1,0.6181818181818182,12,2702
4007,1,0.3090909090909091,1,2984
4008,1,0.3090909090909091,7,1415
4009,1,0.43636363636363634,14,3097
4010,1,0.43636363636363634,17,2645
4011,1,0.3090909090909091,4,1700
4012,1,0.43636363636363634,1,2447
4013,1,0.43636363636363634,0,1642
4014,0,0.7999999999999999,3,2362
4015,1,0.8909090909090909,0,1237
4016,1,0.43636363636363634,14,686
4017,0,0.7999999999999999,20,2352
4018,1,0.6181818181818182,17,1813
4019,1,0.43636363636363634,6,2403
4020,1,0.8909090909090909,20,3183
4021,1,0.6181818181818182,14,1779
4022,0,0.6181818181818182,9,1146
4023,1,0.43636363636363634,5,1474
4024,0,0.9999999999999999,6,2397
4025,1,0.43636363636363634,7,2236
4026,0,0.43636363636363634,7,540
4027,1,0.43636363636363634,4,105
4028,0,0.9999999999999999,3,844
4029,1,0.6181818181818182,7,2720
4030,1,0.43636363636363634,0,1371
4031,1,0.43636363636363634,12,1960
4032,1,0.43636363636363634,6,1404
4033,1,0.43636363636363634,0,843
4034,1,0.3090909090909091,4,1500
4035,1,0.43636363636363634,1,1548
4036,1,0.8909090909090909,16,2537
4037,1,0.8909090909090909,6,494
4038,1,0.43636363636363634,16,3312
4039,1,0.43636363636363634,20,2324
4040,1,0.3090909090909091,3,1580
4041,1,0.6181818181818182,15,3030
4042,0,0.43636363636363634,15,3030
4043,0,0.6181818181818182,3,3228
4044,1,0.9999999999999999,13,1354
4045,1,0.7999999999999999,17,1785
4046,1,0.3090909090909091,4,1108
4047,0,0.6181818181818182,1,2730
4048,1,0.7999999999999999,11,1189
4049,1,0.6181818181818182,6,2010
4050,1,0.3090909090909091,14,38
4051,1,0.43636363636363634,2,1404
4052,1,0.43636363636363634,18,1274
4053,1,0.6181818181818182,3,2230
4054,1,0.8909090909090909,0,3416
4055,1,0.0,10,1013
4056,1,0.6181818181818182,6,693
4057,1,0.43636363636363634,6,2299
4058,1,0.43636363636363634,14,2549
4059,1,0.43636363636363634,18,1907
4060,1,0.8909090909090909,6,1162
4061,1,0.43636363636363634,7,2067
4062,0,0.6181818181818182,1,1028
4063,1,0.7999999999999999,0,817
4064,0,0.7999999999999999,5,1649
4065,1,0.43636363636363634,0,705
4066,1,0.7999999999999999,20,2866
4067,1,0.9999999999999999,3,2728
4068,1,0.6181818181818182,15,752
4069,1,0.43636363636363634,15,3005
4070,1,0.43636363636363634,17,1234
4071,1,0.8909090909090909,6,3007
4072,1,0.43636363636363634,6,2244
4073,1,0.6181818181818182,6,2494
4074,1,0.43636363636363634,16,1578
4075,1,0.43636363636363634,17,1887
4076,0,0.6181818181818182,2,862
4077,1,0.43636363636363634,15,1010
4078,1,0.6181818181818182,17,961
4079,1,0.6181818181818182,1,1673
4080,1,0.3090909090909091,12,751
4081,1,0.43636363636363634,20,2514
4082,1,0.9999999999999999,14,2963
4083,1,0.9999999999999999,13,603
4084,0,0.43636363636363634,6,2510
4085,0,0.0,10,1894
4086,1,0.0,4,2166
4087,1,0.43636363636363634,3,2409
4088,1,0.43636363636363634,7,2510
4089,1,0.9999999999999999,6,2426
4090,1,0.43636363636363634,17,1905
4091,0,0.43636363636363634,0,712
4092,1,0.43636363636363634,4,2263
4093,1,0.43636363636363634,17,1677
4094,1,0.43636363636363634,0,407
4095,1,0.43636363636363634,15,1991
4096,1,0.43636363636363634,7,2165
4097,1,0.6181818181818182,7,1765
4098,1,0.6181818181818182,17,3148
4099,1,0.9999999999999999,6,2417
4100,1,0.3090909090909091,4,922
4101,1,0.0,10,1663
4102,1,0.3090909090909091,16,471
4103,1,0.3090909090909091,16,1368
4104,1,0.8909090909090909,7,1244
4105,1,0.43636363636363634,16,3198
4106,0,0.43636363636363634,0,919
4107,1,0.6181818181818182,17,2435
4108,1,0.6181818181818182,3,3282
4109,0,0.7999999999999999,7,1365
4110,1,0.43636363636363634,15,1152
4111,1,0.7999999999999999,18,1569
4112,1,0.6181818181818182,17,1979
4113,1,0.6181818181818182,14,1622
4114,1,0.43636363636363634,15,3429
4115,1,0.6181818181818182,7,309
4116,1,0.3090909090909091,4,1404
4117,1,0.43636363636363634,3,2831
4118,1,0.8909090909090909,1,1337
4119,1,0.43636363636363634,16,2269
4120,1,0.7999999999999999,7,389
4121,1,0.3090909090909091,19,2587
4122,0,0.43636363636363634,4,1559
4123,1,0.43636363636363634,18,2126
4124,1,0.6181818181818182,2,594
4125,1,0.43636363636363634,17,1767
4126,1,0.8909090909090909,17,666
4127,1,0.6181818181818182,6,1998
4128,1,0.9999999999999999,11,524
4129,1,0.6181818181818182,6,1656
4130,1,0.7999999999999999,7,3322
4131,1,0.43636363636363634,17,2529
4132,1,0.7999999999999999,4,2396
4133,0,0.7999999999999999,12,2660
4134,1,0.0,10,1544
4135,1,0.8909090909090909,16,2008
4136,1,0.43636363636363634,7,2887
4137,1,0.43636363636363634,7,2857
4138,1,0.9999999999999999,14,1347
4139,1,0.43636363636363634,0,1131
4140,1,0.6181818181818182,17,3154
4141,1,0.9999999999999999,7,11
4142,0,0.43636363636363634,5,2048
4143,1,0.3090909090909091,4,135
4144,0,0.8909090909090909,1,2480
4145,1,0.6181818181818182,17,1446
4146,0,0.8909090909090909,7,176
4147,0,0.6181818181818182,7,1833
4148,1,0.6181818181818182,1,1164
4149,1,0.43636363636363634,0,1049
4150,1,0.7999999999999999,20,1383
4151,1,0.43636363636363634,14,2312
4152,1,0.8909090909090909,17,664
4153,1,0.43636363636363634,1,1039
4154,1,0.8909090909090909,17,2674
4155,1,0.9999999999999999,20,3172
4156,1,0.8909090909090909,18,3302
4157,0,0.0,10,2759
4158,0,0.8909090909090909,9,23
4159,1,0.6181818181818182,20,419
4160,1,0.7999999999999999,0,2795
4161,0,0.43636363636363634,14,919
4162,1,0.9999999999999999,7,390
4163,1,0.6181818181818182,1,1738
4164,0,0.43636363636363634,14,3060
4165,0,0.43636363636363634,7,2357
4166,1,0.43636363636363634,20,864
4167,0,0.7999999999999999,6,1299
4168,1,0.8909090909090909,0,2204
4169,1,0.7999999999999999,7,1795
4170,1,0.9999999999999999,16,2513
4171,1,0.6181818181818182,7,771
4172,0,0.3090909090909091,11,1027
4173,0,0.6181818181818182,3,784
4174,1,0.6181818181818182,0,2207
4175,1,0.7999999999999999,7,704
4176,1,0.6181818181818182,17,2807
4177,0,0.8909090909090909,16,354
4178,0,0.6181818181818182,20,3146
4179,1,0.9999999999999999,13,591
4180,0,0.43636363636363634,7,1200
4181,1,0.43636363636363634,18,2571
4182,1,0.43636363636363634,1,2870
4183,1,0.8909090909090909,7,1132
4184,1,0.43636363636363634,14,2785
4185,1,0.43636363636363634,7,1204
4186,0,0.9999999999999999,20,2136
4187,1,0.8909090909090909,7,2316
4188,1,0.6181818181818182,14,2851
4189,1,0.7999999999999999,17,2712
4190,0,0.7999999999999999,15,1933
4191,1,0.6181818181818182,17,2434
4192,1,0.9999999999999999,13,3025
4193,1,0.3090909090909091,4,2086
4194,0,0.9999999999999999,13,3162
4195,1,0.6181818181818182,14,604
4196,0,0.7999999999999999,1,689
4197,1,0.3090909090909091,4,2568
4198,0,0.43636363636363634,9,1160
4199,1,0.7999999999999999,7,441
4200,0,0.43636363636363634,0,2197
4201,1,0.43636363636363634,7,853
4202,1,0.43636363636363634,18,1976
4203,1,0.6181818181818182,7,301
4204,0,0.43636363636363634,15,2699
4205,0,0.6181818181818182,1,910
4206,1,0.6181818181818182,1,2810
4207,0,0.6181818181818182,0,2794
4208,1,0.9999999999999999,0,1294
4209,1,0.43636363636363634,17,2673
4210,1,0.7999999999999999,5,2443
4211,1,0.9999999999999999,18,1965
4212,1,0.6181818181818182,7,2150
4213,0,0.43636363636363634,0,788
4214,1,0.43636363636363634,7,2393
4215,1,0.43636363636363634,17,51
4216,1,0.3090909090909091,4,689
4217,1,0.8909090909090909,17,922
4218,1,0.6181818181818182,17,3174
4219,1,0.6181818181818182,0,3295
4220,1,0.6181818181818182,4,1803
4221,0,0.7999999999999999,17,1950
4222,0,0.6181818181818182,17,2029
4223,0,0.7999999999999999,1,1625
4224,0,0.43636363636363634,3,1624
4225,0,0.6181818181818182,6,2369
4226,1,0.43636363636363634,19,489
4227,1,0.8909090909090909,18,802
4228,1,0.6181818181818182,17,3031
4229,1,0.9999999999999999,13,1243
4230,0,0.8909090909090909,18,802
4231,0,0.6181818181818182,20,2359
4232,1,0.6181818181818182,4,1309
4233,0,0.7999999999999999,3,1610
4234,1,0.8909090909090909,2,2751
4235,0,0.43636363636363634,3,347
4236,1,0.43636363636363634,14,2429
4237,1,0.6181818181818182,16,1470
4238,1,0.8909090909090909,7,1749
4239,1,0.6181818181818182,17,1883
4240,1,0.6181818181818182,7,507
4241,1,0.8909090909090909,7,2483
4242,1,0.9999999999999999,7,1135
4243,1,0.6181818181818182,17,1613
4244,1,0.8909090909090909,12,1445
4245,0,0.6181818181818182,7,1583
4246,1,0.43636363636363634,4,2589
4247,1,0.43636363636363634,4,962
4248,0,0.3090909090909091,17,2191
4249,0,0.8909090909090909,0,1206
4250,1,0.7999999999999999,7,2028
4251,0,0.6181818181818182,3,1012
4252,1,0.7999999999999999,11,195
4253,1,0.43636363636363634,17,1334
4254,1,0.8909090909090909,12,561
4255,0,0.0,2,2503
4256,1,0.8909090909090909,16,1327
4257,1,0.43636363636363634,17,762
4258,1,0.6181818181818182,17,1503
4259,1,0.43636363636363634,16,1984
4260,0,0.6181818181818182,6,346
4261,0,0.6181818181818182,6,286
4262,1,0.43636363636363634,7,1346
4263,1,0.7999999999999999,1,2021
4264,1,0.43636363636363634,12,186
4265,1,0.9999999999999999,13,2480
4266,1,0.6181818181818182,7,118
4267,0,0.7999999999999999,20,219
4268,1,0.6181818181818182,18,983
4269,1,0.7999999999999999,7,581
4270,1,0.6181818181818182,7,2594
4271,1,0.7999999999999999,17,1314
4272,1,0.7999999999999999,13,1060
4273,0,0.7999999999999999,1,234
4274,0,0.7999999999999999,16,612
4275,0,0.7999999999999999,0,3258
4276,1,0.6181818181818182,16,3369
4277,0,0.7999999999999999,7,394
4278,1,0.43636363636363634,16,1390
4279,1,0.6181818181818182,17,982
4280,1,0.9999999999999999,13,2924
4281,1,0.6181818181818182,0,658
4282,0,0.43636363636363634,9,3407
4283,1,0.8909090909090909,7,1356
4284,1,0.6181818181818182,0,2131
4285,1,0.6181818181818182,17,495
4286,1,0.43636363636363634,7,1264
4287,0,0.43636363636363634,9,1550
4288,1,0.6181818181818182,14,1128
4289,1,0.43636363636363634,17,3409
4290,1,0.6181818181818182,14,3367
4291,1,0.43636363636363634,0,3376
4292,0,0.7999999999999999,9,1894
4293,1,0.0,10,2363
4294,1,0.3090909090909091,18,2801
4295,1,0.9999999999999999,6,1185
4296,1,0.7999999999999999,15,1894
4297,0,0.3090909090909091,14,2672
4298,0,0.43636363636363634,2,1411
4299,0,0.3090909090909091,4,3367
4300,1,0.6181818181818182,11,1329
4301,1,0.8909090909090909,1,1505
4302,1,0.43636363636363634,2,2885
4303,1,0.3090909090909091,0,1539
4304,0,0.7999999999999999,17,991
4305,1,0.7999999999999999,7,2225
4306,1,0.43636363636363634,0,3067
4307,1,0.43636363636363634,0,1226
4308,1,0.43636363636363634,0,1275
4309,1,0.43636363636363634,4,1967
4310,1,0.8909090909090909,13,2237
4311,1,0.43636363636363634,18,2498
4312,0,0.43636363636363634,7,312
4313,1,0.43636363636363634,17,2515
4314,1,0.3090909090909091,4,1442
4315,1,0.43636363636363634,6,2339
4316,0,0.6181818181818182,14,2041
4317,1,0.43636363636363634,5,177
4318,1,0.6181818181818182,7,1428
4319,1,0.43636363636363634,5,2715
4320,1,0.7999999999999999,7,2563
4321,0,0.8909090909090909,6,2362
4322,1,0.3090909090909091,4,2588
4323,1,0.43636363636363634,5,1993
4324,1,0.43636363636363634,0,1072
4325,0,0.7999999999999999,13,3142
4326,1,0.6181818181818182,17,1292
4327,1,0.8909090909090909,3,2364
4328,0,0.43636363636363634,14,2463
4329,0,0.7999999999999999,6,2677
4330,1,0.6181818181818182,6,1474
4331,0,0.43636363636363634,3,2072
4332,1,0.8909090909090909,2,1190
4333,1,0.43636363636363634,1,2255
4334,1,0.6181818181818182,0,2306
4335,0,0.43636363636363634,0,1349
4336,1,0.3090909090909091,20,2379
4337,0,0.3090909090909091,5,1533
4338,1,0.43636363636363634,2,2495
4339,0,0.43636363636363634,17,2369
4340,1,0.6181818181818182,17,1214
4341,1,0.43636363636363634,0,2216
4342,1,0.43636363636363634,12,2325
4343,1,0.43636363636363634,1,1437
4344,0,0.43636363636363634,14,1448
4345,1,0.3090909090909091,17,1516
4346,0,0.3090909090909091,20,2422
4347,1,0.7999999999999999,0,1082
4348,1,0.3090909090909091,2,3232
4349,1,0.3090909090909091,2,1029
4350,1,0.43636363636363634,12,1310
4351,1,0.3090909090909091,4,460
4352,1,0.43636363636363634,7,473
4353,1,0.6181818181818182,14,2472
4354,1,0.8909090909090909,14,353
4355,1,0.6181818181818182,16,2680
4356,0,0.6181818181818182,9,2595
4357,1,0.6181818181818182,17,240
4358,1,0.3090909090909091,4,1198
4359,0,0.43636363636363634,9,3326
4360,1,0.6181818181818182,15,2595
4361,1,0.43636363636363634,17,2633
4362,1,0.6181818181818182,14,2864
4363,1,0.43636363636363634,18,3326
4364,0,0.8909090909090909,16,1546
4365,1,0.3090909090909091,15,120
4366,1,0.6181818181818182,0,1744
4367,1,0.3090909090909091,17,868
4368,1,0.8909090909090909,7,1088
4369,1,0.43636363636363634,16,335
4370,0,0.3090909090909091,4,2142
4371,1,0.6181818181818182,17,2326
4372,1,0.8909090909090909,12,1174
4373,1,0.3090909090909091,4,1383
4374,0,0.43636363636363634,5,1349
4375,0,0.43636363636363634,5,966
4376,1,0.43636363636363634,0,1147
4377,1,0.3090909090909091,17,258
4378,1,0.43636363636363634,4,968
4379,0,0.43636363636363634,1,1285
4380,1,0.43636363636363634,4,2200
4381,1,0.43636363636363634,18,622
4382,0,0.3090909090909091,4,3028
4383,1,0.43636363636363634,0,1412
4384,1,0.43636363636363634,4,3028
4385,1,0.43636363636363634,5,2308
4386,0,0.3090909090909091,4,2142
4387,1,0.7999999999999999,3,2337
4388,1,0.43636363636363634,4,1590
4389,1,0.43636363636363634,0,468
4390,0,0.3090909090909091,4,1400
4391,1,0.3090909090909091,4,1400
4392,1,0.3090909090909091,4,1400
4393,1,0.43636363636363634,4,1400
4394,1,0.8909090909090909,6,1400
4395,1,0.3090909090909091,1,1435
4396,1,0.3090909090909091,4,1400
4397,0,0.3090909090909091,4,1407
4398,0,0.3090909090909091,4,1401
4399,0,0.3090909090909091,4,1400
4400,1,0.3090909090909091,4,419
4401,0,0.3090909090909091,14,1409
4402,1,0.43636363636363634,15,2767
4403,1,0.43636363636363634,1,1969
4404,1,0.43636363636363634,14,3352
4405,1,0.43636363636363634,16,2522
4406,1,0.3090909090909091,4,108
4407,0,0.7999999999999999,2,709
4408,1,0.43636363636363634,14,2188
4409,1,0.3090909090909091,19,1351
4410,1,0.3090909090909091,4,2926
4411,1,0.3090909090909091,4,665
4412,1,0.0,13,1284
4413,1,0.43636363636363634,4,1352
4414,1,0.3090909090909091,0,120
4415,1,0.3090909090909091,4,100
4416,1,0.43636363636363634,15,101
4417,0,0.8909090909090909,0,104
4418,0,0.7999999999999999,12,658
4419,1,0.43636363636363634,15,2950
4420,1,0.7999999999999999,0,2746
4421,1,0.43636363636363634,5,434
4422,1,0.3090909090909091,4,1747
4423,1,0.43636363636363634,7,3056
4424,1,0.6181818181818182,7,3404
4425,1,0.7999999999999999,17,3010
4426,1,0.3090909090909091,0,1739
4427,1,0.43636363636363634,14,1566
4428,1,0.43636363636363634,5,2672
4429,0,0.43636363636363634,0,3082
4430,1,0.0,14,2556
4431,1,0.43636363636363634,12,839
4432,1,0.43636363636363634,0,1380
4433,0,0.6181818181818182,7,2040
4434,1,0.43636363636363634,7,2391
4435,1,0.43636363636363634,12,713
4436,0,0.6181818181818182,5,1569
4437,1,0.8909090909090909,0,516
4438,1,0.6181818181818182,6,1297
4439,1,0.6181818181818182,1,2578
4440,1,0.3090909090909091,4,3353
4441,1,0.8909090909090909,15,3076
4442,1,0.9999999999999999,2,2838
4443,0,0.43636363636363634,12,2532
4444,1,0.43636363636363634,3,768
4445,1,0.3090909090909091,18,2046
4446,1,0.7999999999999999,5,1178
4447,1,0.43636363636363634,14,300
4448,1,0.43636363636363634,12,976
4449,1,0.43636363636363634,15,2075
4450,1,0.43636363636363634,14,1075
4451,0,0.43636363636363634,7,2479
4452,1,0.6181818181818182,0,3212
4453,1,0.43636363636363634,20,467
4454,1,0.6181818181818182,7,975
4455,0,0.6181818181818182,2,1713
4456,1,0.6181818181818182,14,3204
4457,0,0.43636363636363634,4,656
4458,1,0.43636363636363634,1,999
4459,1,0.43636363636363634,14,2245
4460,1,0.43636363636363634,20,2580
4461,0,0.43636363636363634,0,2031
4462,1,0.8909090909090909,7,318
4463,0,0.8909090909090909,1,2121
4464,1,0.3090909090909091,4,111
4465,1,0.6181818181818182,11,415
4466,0,0.8909090909090909,6,653
4467,0,0.6181818181818182,7,2360
4468,0,0.7999999999999999,12,2900
4469,1,0.6181818181818182,12,636
4470,1,0.43636363636363634,6,3055
4471,0,0.7999999999999999,16,608
4472,1,0.6181818181818182,1,3066
4473,1,0.6181818181818182,7,1026
4474,1,0.3090909090909091,4,413
4475,1,0.7999999999999999,1,1736
4476,1,0.43636363636363634,7,3417
4477,1,0.0,12,103
4478,1,0.8909090909090909,13,1179
4479,1,0.43636363636363634,0,3082
4480,1,0.43636363636363634,18,955
4481,0,0.6181818181818182,1,3041
4482,0,0.43636363636363634,6,2284
4483,0,0.43636363636363634,17,3124
4484,1,0.43636363636363634,4,2177
4485,1,0.6181818181818182,8,3411
4486,1,0.43636363636363634,7,60
4487,1,0.6181818181818182,7,2284
4488,1,0.3090909090909091,4,2473
4489,1,0.6181818181818182,5,2253
4490,1,0.3090909090909091,4,1750
4491,1,0.9999999999999999,13,1502
4492,0,0.0,10,418
4493,1,0.7999999999999999,0,1217
4494,1,0.3090909090909091,4,906
4495,1,0.7999999999999999,2,287
4496,1,0.8909090909090909,0,1050
4497,1,0.8909090909090909,7,2374
4498,1,0.43636363636363634,6,2130
4499,1,0.8909090909090909,7,2374
4500,1,0.43636363636363634,17,3064
4501,1,0.8909090909090909,0,21
4502,1,0.9999999999999999,1,2669
4503,0,0.43636363636363634,0,2199
4504,1,0.8909090909090909,7,1340
4505,1,0.8909090909090909,16,1041
4506,1,0.3090909090909091,4,2112
4507,1,0.43636363636363634,20,654
4508,1,0.43636363636363634,7,1330
4509,1,0.7999999999999999,7,2946
4510,1,0.6181818181818182,7,2124
4511,1,0.43636363636363634,1,662
4512,1,0.9999999999999999,0,2109
4513,1,0.3090909090909091,3,1661
4514,1,0.9999999999999999,13,1040
4515,1,0.3090909090909091,4,1764
4516,0,0.3090909090909091,1,1588
4517,1,0.43636363636363634,0,2571
4518,1,0.8909090909090909,7,1329
4519,1,0.43636363636363634,4,1519
4520,1,0.6181818181818182,12,640
4521,1,0.7999999999999999,1,2577
4522,1,0.3090909090909091,2,1877
4523,1,0.43636363636363634,2,1860
4524,1,0.43636363636363634,14,414
4525,1,0.43636363636363634,20,406
4526,1,0.3090909090909091,0,1325
4527,1,0.43636363636363634,14,984
4528,1,0.6181818181818182,6,2616
4529,0,0.6181818181818182,1,2912
4530,1,0.3090909090909091,4,2671
4531,1,0.43636363636363634,7,418
4532,1,0.43636363636363634,12,1755
4533,1,0.3090909090909091,4,2276
4534,1,0.3090909090909091,19,678
4535,1,0.3090909090909091,12,1797
4536,0,0.7999999999999999,1,21
4537,1,0.43636363636363634,12,396
4538,1,0.6181818181818182,19,12
4539,0,0.43636363636363634,14,3075
4540,1,0.0,10,1919
4541,1,0.6181818181818182,0,3121
4542,1,0.43636363636363634,2,465
4543,1,0.9999999999999999,1,1791
4544,1,0.43636363636363634,16,1570
4545,1,0.43636363636363634,7,1711
4546,1,0.3090909090909091,12,93
4547,1,0.3090909090909091,2,977
4548,0,0.0,10,3421
4549,1,0.3090909090909091,16,949
4550,1,0.3090909090909091,12,2081
4551,1,0.43636363636363634,0,887
4552,0,0.6181818181818182,16,1631
4553,0,0.43636363636363634,9,1635
4554,0,0.3090909090909091,9,2292
4555,1,0.7999999999999999,16,1829
4556,1,0.43636363636363634,14,100
4557,1,0.6181818181818182,14,1627
4558,1,0.43636363636363634,7,251
4559,1,0.43636363636363634,0,2242
4560,0,0.43636363636363634,9,2605
4561,1,0.6181818181818182,10,3072
4562,0,0.43636363636363634,6,904
4563,1,0.6181818181818182,12,723
4564,1,0.6181818181818182,14,3047
4565,1,0.6181818181818182,17,758
4566,1,0.3090909090909091,4,3353
4567,0,0.43636363636363634,4,2754
4568,1,0.43636363636363634,0,855
4569,1,0.7999999999999999,17,2035
4570,1,0.6181818181818182,7,832
4571,0,0.0,10,672
4572,1,0.8909090909090909,16,517
4573,1,0.43636363636363634,4,2078
4574,0,0.0,10,199
4575,0,0.43636363636363634,7,1631
4576,1,0.6181818181818182,7,1635
4577,1,0.43636363636363634,0,100
4578,0,0.3090909090909091,4,2164
4579,0,0.9999999999999999,13,3274
4580,1,0.43636363636363634,1,720
4581,0,0.43636363636363634,0,1903
4582,1,0.8909090909090909,1,1653
4583,0,0.7999999999999999,0,486
4584,1,0.6181818181818182,7,1094
4585,1,0.43636363636363634,4,38
4586,1,0.6181818181818182,14,344
4587,0,0.43636363636363634,4,1585
4588,1,0.43636363636363634,17,104
4589,0,0.3090909090909091,20,1851
4590,1,0.43636363636363634,15,108
4591,1,0.3090909090909091,4,2202
4592,0,0.7999999999999999,1,1384
4593,1,0.6181818181818182,16,1876
4594,1,0.43636363636363634,18,3270
4595,0,0.3090909090909091,4,3122
4596,0,0.43636363636363634,4,882
4597,0,0.6181818181818182,3,1631
4598,0,0.6181818181818182,0,236
4599,1,0.43636363636363634,0,1538
4600,1,0.6181818181818182,14,1910
4601,1,0.6181818181818182,7,414
4602,0,0.6181818181818182,2,1223
4603,1,0.43636363636363634,15,432
4604,1,0.43636363636363634,15,2968
4605,0,0.0,10,2789
4606,1,0.43636363636363634,0,970
4607,0,0.43636363636363634,0,109
4608,0,0.43636363636363634,4,1804
4609,0,0.43636363636363634,4,1804
4610,0,0.3090909090909091,4,2484
4611,0,0.3090909090909091,4,3126
4612,1,0.43636363636363634,12,1360
4613,0,0.7999999999999999,1,435
4614,1,0.43636363636363634,17,2107
4615,1,0.43636363636363634,20,501
4616,0,0.43636363636363634,6,1924
4617,1,0.43636363636363634,14,3282
4618,0,0.43636363636363634,1,3295
4619,0,0.3090909090909091,17,3117
4620,1,0.43636363636363634,4,3077
4621,1,0.43636363636363634,12,1924
4622,1,0.43636363636363634,16,882
4623,1,0.43636363636363634,12,2609
4624,1,0.43636363636363634,7,2977
4625,1,0.43636363636363634,14,3293
4626,1,0.9999999999999999,1,1486
4627,0,0.9999999999999999,6,920
4628,0,0.3090909090909091,4,3079
4629,0,0.43636363636363634,4,3121
4630,1,0.3090909090909091,4,3058
4631,1,0.43636363636363634,0,3341
4632,1,0.0,0,1633
4633,1,0.8909090909090909,20,3364
4634,1,0.3090909090909091,4,3127
4635,1,0.3090909090909091,2,404
4636,0,0.6181818181818182,9,1633
4637,1,0.43636363636363634,4,1912
4638,1,0.6181818181818182,11,827
4639,1,0.43636363636363634,4,1912
4640,1,0.43636363636363634,7,780
4641,1,0.43636363636363634,0,1470
4642,1,0.43636363636363634,0,3360
4643,1,0.8909090909090909,1,759
4644,0,0.8909090909090909,6,1594
4645,0,0.43636363636363634,6,2796
4646,1,0.6181818181818182,20,2544
4647,1,0.3090909090909091,4,2297
4648,1,0.9999999999999999,13,418
4649,1,0.43636363636363634,7,1063
4650,0,0.7999999999999999,0,422
4651,0,0.43636363636363634,7,3061
4652,1,0.6181818181818182,12,3163
4653,1,0.6181818181818182,20,3110
4654,0,0.43636363636363634,1,2900
4655,1,0.43636363636363634,17,3039
4656,1,0.7999999999999999,14,1911
4657,1,0.43636363636363634,4,3423
4658,0,0.43636363636363634,14,1282
4659,0,0.3090909090909091,4,261
4660,1,0.7999999999999999,15,2652
4661,0,0.3090909090909091,4,2620
4662,1,0.43636363636363634,4,2900
4663,0,0.7999999999999999,7,2393
4664,1,0.6181818181818182,2,196
4665,1,0.6181818181818182,1,1790
4666,1,0.43636363636363634,14,3063
4667,1,0.6181818181818182,14,2307
4668,1,0.6181818181818182,7,702
4669,1,0.6181818181818182,5,2844
4670,1,0.43636363636363634,12,3040
4671,1,0.9999999999999999,13,3078
4672,1,0.6181818181818182,16,3129
4673,0,0.6181818181818182,7,364
4674,0,0.3090909090909091,4,977
4675,1,0.7999999999999999,14,1523
4676,1,0.8909090909090909,6,247
4677,1,0.6181818181818182,2,2790
4678,1,0.9999999999999999,13,2373
4679,1,0.6181818181818182,0,241
4680,0,0.6181818181818182,15,270
4681,1,0.43636363636363634,7,251
4682,1,0.43636363636363634,0,870
4683,0,0.43636363636363634,0,241
4684,1,0.6181818181818182,1,1937
4685,1,0.3090909090909091,1,1722
4686,1,0.6181818181818182,14,49
4687,1,0.43636363636363634,9,1450
4688,1,0.3090909090909091,12,120
4689,0,0.0,10,2511
4690,0,0.7999999999999999,17,1914
4691,0,0.43636363636363634,7,2482
4692,1,0.3090909090909091,1,2083
4693,1,0.9999999999999999,7,1353
4694,1,0.3090909090909091,18,1953
4695,1,0.3090909090909091,12,419
4696,1,0.3090909090909091,10,2511
4697,0,0.43636363636363634,6,1912
4698,0,0.3090909090909091,0,2872
4699,0,0.3090909090909091,4,1604
4700,1,0.7999999999999999,17,688
4701,1,0.43636363636363634,11,558
4702,1,0.43636363636363634,7,80
4703,1,0.3090909090909091,20,156
4704,0,0.3090909090909091,0,2344
4705,1,0.43636363636363634,14,2237
4706,1,0.0,0,2985
4707,1,0.43636363636363634,0,2090
4708,1,0.7999999999999999,0,293
4709,0,0.6181818181818182,16,946
4710,1,0.43636363636363634,17,1140
4711,1,0.6181818181818182,17,207
4712,1,0.43636363636363634,17,2778
4713,1,0.8909090909090909,1,1899
4714,1,0.43636363636363634,2,3284
4715,0,0.43636363636363634,16,143
4716,1,0.7999999999999999,17,1637
4717,1,0.6181818181818182,7,214
4718,0,0.6181818181818182,9,167
4719,1,0.43636363636363634,2,2755
4720,1,0.6181818181818182,11,3194
4721,1,0.6181818181818182,12,1868
4722,1,0.6181818181818182,7,2742
4723,0,0.9999999999999999,6,62
4724,1,0.6181818181818182,5,3244
4725,0,0.6181818181818182,16,3229
4726,0,0.9999999999999999,0,3415
4727,1,0.43636363636363634,19,1121
4728,1,0.8909090909090909,16,1890
4729,1,0.8909090909090909,11,227
4730,1,0.43636363636363634,17,3337
4731,1,0.43636363636363634,14,946
4732,1,0.3090909090909091,18,1748
4733,1,0.8909090909090909,1,3004
4734,1,0.7999999999999999,3,1730
4735,1,0.3090909090909091,20,2862
4736,1,0.6181818181818182,16,701
4737,1,0.9999999999999999,1,939
4738,1,0.43636363636363634,3,1150
4739,0,0.43636363636363634,3,1328
4740,1,0.6181818181818182,7,641
4741,1,0.43636363636363634,3,3064
4742,1,0.9999999999999999,13,2148
4743,1,0.8909090909090909,15,549
4744,0,0.3090909090909091,4,271
4745,1,0.8909090909090909,1,717
4746,1,0.3090909090909091,4,957
4747,1,0.7999999999999999,16,2042
4748,1,0.7999999999999999,0,931
4749,0,0.43636363636363634,0,2828
4750,1,0.8909090909090909,15,146
4751,0,0.3090909090909091,4,3066
4752,1,0.9999999999999999,1,208
4753,0,0.3090909090909091,0,2828
4754,0,0.9999999999999999,7,3002
4755,1,0.9999999999999999,16,1946
4756,1,0.6181818181818182,17,926
4757,0,0.9999999999999999,13,194
4758,0,0.8909090909090909,0,235
4759,1,0.6181818181818182,17,266
4760,1,0.3090909090909091,15,837
4761,0,0.43636363636363634,14,3057
4762,1,0.9999999999999999,11,235
4763,1,0.0,10,199
4764,0,0.6181818181818182,16,195
4765,1,0.6181818181818182,16,408
4766,0,0.6181818181818182,9,204
4767,1,0.43636363636363634,4,862
4768,1,0.43636363636363634,1,154
4769,0,0.6181818181818182,7,406
4770,0,0.43636363636363634,4,226
4771,1,0.9999999999999999,17,205
4772,1,0.7999999999999999,1,891
4773,1,0.7999999999999999,14,322
4774,1,0.43636363636363634,17,931
4775,0,0.43636363636363634,3,1534
4776,1,0.43636363636363634,2,1528
4777,1,0.43636363636363634,0,1534
4778,1,0.7999999999999999,3,216
4779,1,0.43636363636363634,12,3060
4780,0,0.8909090909090909,6,223
4781,1,0.7999999999999999,1,2458
4782,1,0.43636363636363634,0,2080
4783,0,0.6181818181818182,6,1601
4784,0,0.43636363636363634,14,1851
4785,1,0.7999999999999999,6,896
4786,1,0.0,11,3121
4787,1,0.6181818181818182,7,2667
4788,1,0.6181818181818182,2,1851
4789,0,0.43636363636363634,2,3072
4790,1,0.3090909090909091,4,1862
4791,0,0.8909090909090909,7,3068
4792,0,0.43636363636363634,6,1603
4793,0,0.6181818181818182,0,1528
4794,1,0.7999999999999999,16,457
4795,1,0.6181818181818182,7,3352
4796,0,0.6181818181818182,17,2611
4797,1,0.43636363636363634,1,742
4798,0,0.3090909090909091,4,166
4799,1,0.3090909090909091,4,2562
4800,1,0.43636363636363634,4,1102
4801,1,0.9999999999999999,1,1356
4802,0,0.43636363636363634,16,1517
4803,0,0.6181818181818182,1,1424
4804,1,0.6181818181818182,1,1517
4805,1,0.43636363636363634,17,2752
4806,1,0.0,2,226
4807,1,0.6181818181818182,0,3244
4808,0,0.8909090909090909,4,829
4809,1,0.3090909090909091,12,2564
4810,1,0.6181818181818182,1,55
4811,1,0.3090909090909091,14,951
4812,0,0.6181818181818182,9,1525
4813,1,0.3090909090909091,14,2564
4814,0,0.8909090909090909,18,244
4815,0,0.7999999999999999,6,232
4816,1,0.43636363636363634,1,831
4817,0,0.43636363636363634,17,2820
4818,1,0.6181818181818182,18,676
4819,1,0.8909090909090909,11,231
4820,1,0.3090909090909091,19,2339
4821,0,0.6181818181818182,0,32
4822,1,0.3090909090909091,4,1531
4823,1,0.43636363636363634,7,1906
4824,1,0.43636363636363634,17,3116
4825,1,0.7999999999999999,12,1927
4826,1,0.6181818181818182,0,562
4827,0,0.3090909090909091,20,2039
4828,1,0.43636363636363634,0,777
4829,1,0.0,10,1882
4830,0,0.43636363636363634,1,231
4831,1,0.43636363636363634,14,684
4832,1,0.6181818181818182,16,2583
4833,0,0.7999999999999999,9,212
4834,1,0.43636363636363634,20,610
4835,0,0.7999999999999999,16,221
4836,1,0.43636363636363634,5,1540
4837,1,0.7999999999999999,1,1636
4838,0,0.8909090909090909,6,3154
4839,0,0.7999999999999999,6,2157
4840,1,0.43636363636363634,12,3060
4841,0,0.6181818181818182,1,912
4842,1,0.9999999999999999,1,218
4843,1,0.7999999999999999,7,209
4844,0,0.43636363636363634,1,1908
4845,0,0.43636363636363634,2,2767
4846,1,0.43636363636363634,12,3070
4847,0,0.6181818181818182,6,1827
4848,0,0.3090909090909091,4,1464
4849,0,0.7999999999999999,3,1465
4850,1,0.3090909090909091,17,1456
4851,1,0.6181818181818182,0,1366
4852,1,0.43636363636363634,7,1889
4853,0,0.8909090909090909,13,211
4854,1,0.43636363636363634,12,2754
4855,1,0.43636363636363634,7,3057
4856,1,0.43636363636363634,14,925
4857,1,0.43636363636363634,1,223
4858,0,0.3090909090909091,14,1735
4859,1,0.43636363636363634,2,2087
4860,1,0.43636363636363634,4,237
4861,1,0.43636363636363634,0,3048
4862,0,0.43636363636363634,9,2605
4863,1,0.3090909090909091,20,2156
4864,0,0.6181818181818182,14,98
4865,1,0.9999999999999999,12,222
4866,1,0.43636363636363634,16,226
4867,1,0.6181818181818182,17,206
4868,0,0.7999999999999999,6,243
4869,0,0.6181818181818182,3,230
4870,1,0.3090909090909091,12,225
4871,1,0.7999999999999999,1,215
4872,1,0.9999999999999999,11,596
4873,0,0.43636363636363634,4,2264
4874,1,0.6181818181818182,0,3314
4875,0,0.6181818181818182,17,3379
4876,1,0.43636363636363634,4,3127
4877,1,0.8909090909090909,4,3046
4878,1,0.43636363636363634,3,2083
4879,0,0.7999999999999999,9,3157
4880,1,0.7999999999999999,16,1901
4881,1,0.7999999999999999,11,195
4882,0,0.0,10,179
4883,1,0.6181818181818182,14,2783
4884,1,0.9999999999999999,1,935
4885,0,0.6181818181818182,17,2949
4886,1,0.3090909090909091,2,714
4887,0,0.9999999999999999,0,358
4888,1,0.3090909090909091,4,2141
4889,0,0.43636363636363634,1,2516
4890,1,0.6181818181818182,17,3071
4891,1,0.43636363636363634,12,1899
4892,1,0.43636363636363634,17,1593
4893,1,0.6181818181818182,7,615
4894,0,0.43636363636363634,3,1741
4895,1,0.6181818181818182,6,2617
4896,1,0.6181818181818182,16,667
4897,1,0.43636363636363634,1,995
4898,1,0.43636363636363634,12,3081
4899,1,0.43636363636363634,20,1224
4900,1,0.43636363636363634,7,477
4901,1,0.6181818181818182,14,2607
4902,1,0.6181818181818182,12,3237
4903,1,0.8909090909090909,15,2147
4904,0,0.7999999999999999,1,2043
4905,1,0.8909090909090909,17,1703
4906,0,0.8909090909090909,7,1844
4907,1,0.6181818181818182,15,2659
4908,0,0.6181818181818182,12,3032
4909,1,0.3090909090909091,12,2606
4910,0,0.43636363636363634,0,1915
4911,0,0.8909090909090909,20,3360
4912,0,0.43636363636363634,1,3265
4913,0,0.43636363636363634,1,137
4914,1,0.43636363636363634,12,2857
4915,1,0.3090909090909091,20,2641
4916,1,0.7999999999999999,0,969
4917,0,0.3090909090909091,12,2618
4918,1,0.3090909090909091,0,2608
4919,1,0.6181818181818182,1,109
4920,0,0.43636363636363634,15,2948
4921,1,0.3090909090909091,17,3365
4922,1,0.7999999999999999,18,3437
4923,0,0.6181818181818182,0,3436
4924,0,0.6181818181818182,6,1895
4925,1,0.0,10,1941
4926,1,0.7999999999999999,0,3320
4927,0,0.43636363636363634,3,2912
4928,1,0.7999999999999999,1,2140
4929,1,0.8909090909090909,17,2137
4930,1,0.8909090909090909,17,2752
4931,1,0.43636363636363634,7,2162
4932,1,0.43636363636363634,15,3038
4933,0,0.43636363636363634,0,1855
4934,1,0.6181818181818182,17,2134
4935,0,0.3090909090909091,4,2160
4936,1,0.6181818181818182,0,88
4937,0,0.3090909090909091,4,1901
4938,1,0.43636363636363634,7,2140
4939,0,0.8909090909090909,11,3050
4940,1,0.9999999999999999,20,1444
4941,1,0.7999999999999999,12,1355
4942,0,0.8909090909090909,0,1895
4943,1,0.8909090909090909,17,614
4944,1,0.8909090909090909,0,2124
4945,0,0.6181818181818182,1,2827
4946,1,0.6181818181818182,17,2755
4947,1,0.7999999999999999,2,3125
4948,1,0.3090909090909091,4,1851
4949,1,0.43636363636363634,16,1915
4950,0,0.6181818181818182,17,2789
4951,0,0.43636363636363634,14,1588
4952,1,0.6181818181818182,12,1844
4953,1,0.7999999999999999,0,2974
4954,1,0.9999999999999999,13,1944
4955,1,0.6181818181818182,15,2394
4956,1,0.43636363636363634,2,1624
4957,1,0.3090909090909091,7,1897
4958,1,0.43636363636363634,17,928
4959,1,0.9999999999999999,1,1862
4960,1,0.43636363636363634,7,1532
4961,1,0.43636363636363634,6,1929
4962,1,0.7999999999999999,17,3142
4963,1,0.6181818181818182,0,3057
4964,1,0.0,10,2149
4965,1,0.8909090909090909,14,1902
4966,1,0.3090909090909091,4,3132
4967,0,0.8909090909090909,20,3193
4968,1,0.3090909090909091,19,3058
4969,0,0.43636363636363634,12,3095
4970,1,0.6181818181818182,7,3048
4971,1,0.6181818181818182,0,3168
4972,0,0.9999999999999999,2,3149
4973,1,0.6181818181818182,20,3070
4974,1,0.6181818181818182,0,2766
4975,1,0.43636363636363634,11,2199
4976,1,0.43636363636363634,4,2948
4977,1,0.6181818181818182,14,2229
4978,1,0.6181818181818182,2,1917
4979,1,0.43636363636363634,1,1897
4980,1,0.8909090909090909,1,1901
4981,1,0.43636363636363634,12,2139
4982,0,0.7999999999999999,16,1862
4983,1,0.6181818181818182,0,1899
4984,1,0.6181818181818182,0,1027
4985,1,0.3090909090909091,12,1895
4986,0,0.9999999999999999,8,2771
4987,1,0.43636363636363634,17,1852
4988,1,0.43636363636363634,0,1867
4989,0,0.43636363636363634,4,1902
4990,0,0.9999999999999999,14,2882
4991,0,0.43636363636363634,2,1853
4992,1,0.7999999999999999,17,1806
4993,1,0.7999999999999999,17,1952
4994,1,0.8909090909090909,20,1914
4995,1,0.6181818181818182,7,3103
4996,1,0.0,10,2771
4997,0,0.3090909090909091,4,1655
4998,0,0.9999999999999999,13,2945
4999,1,0.43636363636363634,4,1540
5000,0,0.43636363636363634,2,2146
5001,1,0.43636363636363634,17,2799
5002,1,0.6181818181818182,12,1705
5003,0,0.9999999999999999,1,2793
5004,1,0.7999999999999999,16,2987
5005,1,0.6181818181818182,3,1667
5006,0,0.3090909090909091,4,2822
5007,1,0.43636363636363634,20,2079
5008,0,0.7999999999999999,16,2196
5009,1,0.7999999999999999,15,2146
5010,1,0.3090909090909091,4,2184
5011,1,0.8909090909090909,15,1597
5012,1,0.3090909090909091,4,958
5013,1,0.7999999999999999,0,2960
5014,1,0.6181818181818182,6,2971
5015,0,0.6181818181818182,1,2732
5016,1,0.6181818181818182,12,2825
5017,0,0.9999999999999999,12,2788
5018,1,0.43636363636363634,7,418
5019,0,0.9999999999999999,13,2777
5020,1,0.8909090909090909,6,2798
5021,1,0.6181818181818182,7,2818
5022,1,0.6181818181818182,20,2862
5023,0,0.7999999999999999,1,620
5024,1,0.43636363636363634,20,2079
5025,1,0.43636363636363634,17,2951
5026,0,0.43636363636363634,14,250
5027,1,0.43636363636363634,12,2944
5028,1,0.43636363636363634,4,2249
5029,1,0.3090909090909091,1,2246
5030,0,0.43636363636363634,4,2730
5031,1,0.3090909090909091,17,104
5032,0,0.9999999999999999,13,2056
5033,0,0.43636363636363634,15,2133
5034,0,0.43636363636363634,17,770
5035,1,0.6181818181818182,7,631
5036,1,0.6181818181818182,12,487
5037,1,0.43636363636363634,20,404
5038,0,0.6181818181818182,4,3272
5039,1,0.7999999999999999,12,1451
5040,0,0.7999999999999999,6,1999
5041,0,0.3090909090909091,2,1903
5042,0,0.3090909090909091,6,2931
5043,0,0.6181818181818182,6,933
5044,1,0.6181818181818182,0,1380
5045,1,0.43636363636363634,16,2078
5046,1,0.7999999999999999,6,927
5047,0,0.6181818181818182,7,1103
5048,1,0.43636363636363634,12,2077
5049,0,0.3090909090909091,4,461
5050,0,0.8909090909090909,7,508
5051,1,0.6181818181818182,16,151
5052,1,0.43636363636363634,4,2622
5053,1,0.6181818181818182,2,815
5054,0,0.6181818181818182,16,3303
5055,1,0.7999999999999999,1,663
5056,1,0.8909090909090909,7,2613
5057,1,0.9999999999999999,17,2625
5058,1,0.7999999999999999,16,897
5059,1,0.7999999999999999,17,2621
5060,0,0.3090909090909091,19,248
5061,1,0.8909090909090909,16,2195
5062,0,0.0,10,899
5063,1,0.3090909090909091,4,1390
5064,1,0.43636363636363634,14,1023
5065,0,0.43636363636363634,1,938
5066,1,0.9999999999999999,13,3320
5067,1,0.6181818181818182,7,702
5068,0,0.9999999999999999,0,3164
5069,1,0.43636363636363634,2,1887
5070,0,0.43636363636363634,7,2343
5071,1,0.7999999999999999,17,3303
5072,1,0.9999999999999999,2,3029
5073,1,0.0,0,790
5074,1,0.8909090909090909,6,3318
5075,1,0.43636363636363634,3,736
5076,1,0.43636363636363634,2,782
5077,1,0.7999999999999999,7,713
5078,1,0.43636363636363634,4,2244
5079,0,0.8909090909090909,12,3202
5080,0,0.3090909090909091,4,719
5081,1,0.6181818181818182,1,915
5082,1,0.43636363636363634,4,666
5083,1,0.3090909090909091,4,407
5084,1,0.9999999999999999,17,2353
5085,1,0.43636363636363634,1,931
5086,0,0.43636363636363634,6,719
5087,1,0.43636363636363634,17,1325
5088,0,0.6181818181818182,16,2401
5089,0,0.6181818181818182,19,2335
5090,1,0.43636363636363634,17,770
5091,1,0.9999999999999999,14,698
5092,1,0.8909090909090909,7,710
5093,1,0.3090909090909091,10,2220
5094,0,0.6181818181818182,1,934
5095,1,0.43636363636363634,11,2350
5096,1,0.9999999999999999,16,732
5097,1,0.8909090909090909,7,748
5098,1,0.3090909090909091,0,165
5099,1,0.8909090909090909,6,740
5100,1,0.43636363636363634,0,2769
5101,1,0.43636363636363634,12,2776
5102,0,0.6181818181818182,16,2459
5103,1,0.6181818181818182,20,724
5104,1,0.8909090909090909,7,699
5105,0,0.6181818181818182,1,745
5106,0,0.7999999999999999,0,359
5107,0,0.43636363636363634,9,3028
5108,0,0.7999999999999999,6,766
5109,1,0.6181818181818182,15,2466
5110,1,0.6181818181818182,2,2450
5111,1,0.6181818181818182,13,2720
5112,1,0.43636363636363634,0,1903
5113,0,0.0,10,908
5114,1,0.9999999999999999,12,108
5115,1,0.6181818181818182,6,3206
5116,0,0.43636363636363634,0,2251
5117,1,0.0,10,3172
5118,0,0.43636363636363634,0,405
5119,1,0.8909090909090909,7,2553
5120,1,0.43636363636363634,7,2867
5121,1,0.43636363636363634,0,778
5122,1,0.8909090909090909,12,1255
5123,1,0.6181818181818182,2,815
5124,1,0.7999999999999999,0,409
5125,1,0.43636363636363634,11,137
5126,1,0.7999999999999999,5,3399
5127,1,0.8909090909090909,7,3133
5128,1,0.7999999999999999,17,1355
5129,0,0.8909090909090909,1,1194
5130,0,0.43636363636363634,1,2445
5131,1,0.6181818181818182,7,2437
5132,1,0.3090909090909091,11,420
5133,1,0.43636363636363634,17,3154
5134,1,0.6181818181818182,7,2171
5135,1,0.43636363636363634,12,2827
5136,1,0.3090909090909091,18,2193
5137,1,0.43636363636363634,17,1260
5138,1,0.8909090909090909,16,554
5139,1,0.43636363636363634,6,1260
5140,1,0.3090909090909091,17,1917
5141,1,0.43636363636363634,1,2911
5142,1,0.3090909090909091,4,1460
5143,0,0.8909090909090909,0,2217
5144,1,0.6181818181818182,7,2438
5145,1,0.9999999999999999,1,232
5146,1,0.3090909090909091,0,1639
5147,1,0.43636363636363634,20,3350
5148,1,0.6181818181818182,1,406
5149,1,0.43636363636363634,3,3338
5150,1,0.3090909090909091,19,1110
5151,0,0.43636363636363634,4,1456
5152,1,0.43636363636363634,7,2004
5153,1,0.43636363636363634,16,776
5154,1,0.43636363636363634,16,1202
5155,1,0.3090909090909091,14,417
5156,1,0.6181818181818182,1,2307
5157,0,0.3090909090909091,4,1461
5158,1,0.6181818181818182,7,1278
5159,0,0.3090909090909091,4,2767
5160,1,0.43636363636363634,4,1065
5161,1,0.43636363636363634,17,3040
5162,1,0.7999999999999999,6,1773
5163,0,0.6181818181818182,17,2828
5164,1,0.6181818181818182,6,2824
5165,1,0.8909090909090909,6,1370
5166,1,0.3090909090909091,15,268
5167,1,0.6181818181818182,7,47
5168,0,0.8909090909090909,4,1786
5169,1,0.3090909090909091,4,2159
5170,1,0.9999999999999999,17,2890
5171,0,0.6181818181818182,11,254
5172,1,0.0,10,2045
5173,1,0.7999999999999999,1,1481
5174,0,0.6181818181818182,9,1216
5175,1,0.0,10,2045
5176,1,0.7999999999999999,14,1057
5177,1,0.8909090909090909,0,1509
5178,1,0.43636363636363634,12,3057
5179,1,0.6181818181818182,11,2640
5180,1,0.43636363636363634,7,701
5181,0,0.6181818181818182,7,1930
5182,0,0.3090909090909091,20,1479
5183,1,0.3090909090909091,20,2222
5184,0,0.6181818181818182,4,1459
5185,1,0.6181818181818182,12,3241
5186,1,0.3090909090909091,16,284
5187,0,0.6181818181818182,9,1456
5188,0,0.7999999999999999,7,2555
5189,0,0.6181818181818182,0,2635
5190,0,0.43636363636363634,4,1938
5191,1,0.43636363636363634,7,2554
5192,1,0.6181818181818182,12,621
5193,1,0.43636363636363634,7,1904
5194,1,0.6181818181818182,7,2555
5195,1,0.9999999999999999,7,813
5196,0,0.9999999999999999,3,2322
5197,0,0.3090909090909091,4,1864
5198,0,0.43636363636363634,1,1263
5199,0,0.6181818181818182,15,1379
5200,1,0.8909090909090909,7,3189
5201,1,0.3090909090909091,4,173
5202,0,0.7999999999999999,6,32
5203,1,0.8909090909090909,13,1962
5204,1,0.43636363636363634,1,180
5205,1,0.6181818181818182,7,2833
5206,1,0.43636363636363634,0,3351
5207,1,0.43636363636363634,4,1938
5208,1,0.8909090909090909,1,1525
5209,0,0.6181818181818182,17,2080
5210,1,0.43636363636363634,1,1348
5211,1,0.3090909090909091,2,2747
5212,1,0.3090909090909091,0,1119
5213,0,0.6181818181818182,9,321
5214,0,0.9999999999999999,6,2887
5215,1,0.3090909090909091,2,2581
5216,1,0.43636363636363634,17,13
5217,1,0.3090909090909091,0,2721
5218,1,0.3090909090909091,4,3130
5219,1,0.43636363636363634,7,2859
5220,0,0.9999999999999999,1,3246
5221,1,0.43636363636363634,12,3085
5222,1,0.9999999999999999,10,484
5223,1,0.6181818181818182,1,409
5224,1,0.3090909090909091,4,1866
5225,1,0.6181818181818182,0,3366
5226,1,0.3090909090909091,10,2170
5227,1,0.0,0,2336
5228,1,0.43636363636363634,0,2033
5229,1,0.43636363636363634,12,2825
5230,1,0.6181818181818182,7,2947
5231,1,0.43636363636363634,4,615
5232,1,0.43636363636363634,5,3290
5233,0,0.43636363636363634,0,2092
5234,1,0.43636363636363634,4,615
5235,1,0.43636363636363634,14,1541
5236,1,0.43636363636363634,7,1930
5237,0,0.8909090909090909,16,324
5238,1,0.6181818181818182,7,310
5239,0,0.43636363636363634,0,3052
5240,0,0.43636363636363634,4,103
5241,1,0.43636363636363634,1,616
5242,1,0.0,10,1807
5243,1,0.3090909090909091,4,15
5244,0,0.7999999999999999,1,990
5245,0,0.3090909090909091,0,2168
5246,0,0.0,10,71
5247,0,0.7999999999999999,14,881
5248,0,0.7999999999999999,14,2324
5249,1,0.8909090909090909,6,32
5250,0,0.43636363636363634,17,3303
5251,1,0.43636363636363634,20,2081
5252,0,0.9999999999999999,13,170
5253,1,0.3090909090909091,4,1153
5254,1,0.0,10,1878
5255,1,0.43636363636363634,16,1085
5256,0,0.43636363636363634,2,412
5257,1,0.6181818181818182,4,1977
5258,1,0.43636363636363634,6,3083
5259,1,0.6181818181818182,7,2484
5260,1,0.6181818181818182,12,418
5261,0,0.43636363636363634,14,1532
5262,1,0.6181818181818182,7,1356
5263,1,0.3090909090909091,4,647
5264,1,0.7999999999999999,1,3315
5265,1,0.6181818181818182,1,1374
5266,1,0.6181818181818182,7,796
5267,0,0.43636363636363634,2,2237
5268,1,0.3090909090909091,0,1290
5269,1,0.43636363636363634,12,2698
5270,0,0.43636363636363634,0,3057
5271,1,0.43636363636363634,7,2771
5272,1,0.9999999999999999,20,2822
5273,1,0.43636363636363634,0,2075
5274,1,0.43636363636363634,17,2075
5275,0,0.43636363636363634,4,2871
5276,1,0.43636363636363634,20,2871
5277,0,0.43636363636363634,7,1868
5278,0,0.43636363636363634,14,1913
5279,1,0.3090909090909091,4,547
5280,1,0.43636363636363634,2,2771
5281,0,0.3090909090909091,4,2161
5282,1,0.3090909090909091,2,2158
5283,1,0.43636363636363634,16,1918
5284,1,0.3090909090909091,4,1905
5285,1,0.7999999999999999,16,3272
5286,1,0.43636363636363634,8,2643
5287,1,0.9999999999999999,13,3060
5288,1,0.7999999999999999,2,3050
5289,0,0.3090909090909091,4,2077
5290,1,0.7999999999999999,1,1456
5291,1,0.43636363636363634,0,3312
5292,1,0.43636363636363634,12,3157
5293,1,0.43636363636363634,2,2083
5294,1,0.6181818181818182,7,1870
5295,0,0.0,0,967
5296,1,0.43636363636363634,12,713
5297,1,0.6181818181818182,17,1872
5298,1,0.43636363636363634,2,1384
5299,1,0.43636363636363634,20,3058
5300,1,0.43636363636363634,17,3
5301,0,0.0,10,124
5302,0,0.9999999999999999,6,1513
5303,0,0.6181818181818182,9,1905
5304,0,0.3090909090909091,4,3207
5305,0,0.43636363636363634,17,2925
5306,1,0.43636363636363634,5,2658
5307,1,0.9999999999999999,7,972
5308,1,0.43636363636363634,0,148
5309,0,0.9999999999999999,1,2071
5310,1,0.8909090909090909,0,2118
5311,1,0.43636363636363634,1,434
5312,1,0.9999999999999999,0,1901
5313,0,0.43636363636363634,0,3054
5314,1,0.43636363636363634,12,904
5315,1,0.3090909090909091,4,1851
5316,0,0.43636363636363634,0,103
5317,1,0.3090909090909091,17,3366
5318,1,0.3090909090909091,17,3144
5319,0,0.3090909090909091,5,1383
5320,1,0.43636363636363634,4,139
5321,1,0.6181818181818182,17,3303
5322,1,0.43636363636363634,20,3067
5323,1,0.43636363636363634,7,113
5324,0,0.8909090909090909,7,2682
5325,1,0.43636363636363634,2,1903
5326,1,0.43636363636363634,7,1903
5327,0,0.43636363636363634,4,2871
5328,0,0.43636363636363634,5,2876
5329,0,0.43636363636363634,0,734
5330,1,0.6181818181818182,14,300
5331,1,0.3090909090909091,4,1096
5332,0,0.43636363636363634,7,124
5333,0,0.9999999999999999,13,1527
5334,1,0.43636363636363634,14,2343
5335,1,0.9999999999999999,7,2331
5336,0,0.6181818181818182,3,161
5337,1,0.43636363636363634,17,987
5338,1,0.3090909090909091,17,2038
5339,0,0.8909090909090909,3,3159
5340,0,0.43636363636363634,3,2634
5341,0,0.6181818181818182,7,865
5342,0,0.43636363636363634,9,2040
5343,0,0.8909090909090909,1,3375
5344,0,0.43636363636363634,17,2518
5345,0,0.43636363636363634,3,3303
5346,1,0.43636363636363634,6,1791
5347,1,0.3090909090909091,5,1909
5348,0,0.8909090909090909,2,3316
5349,1,0.3090909090909091,5,1887
5350,0,0.7999999999999999,1,2655
5351,0,0.6181818181818182,5,1879
5352,1,0.43636363636363634,6,2402
5353,0,0.7999999999999999,3,2500
5354,1,0.9999999999999999,0,2463
5355,1,0.7999999999999999,0,2482
5356,0,0.3090909090909091,20,2025
5357,1,0.6181818181818182,7,447
5358,1,0.3090909090909091,16,992
5359,1,0.3090909090909091,12,1413
5360,0,0.8909090909090909,16,2897
5361,1,0.6181818181818182,13,2154
5362,1,0.9999999999999999,13,1111
5363,0,0.43636363636363634,3,1903
5364,1,0.3090909090909091,12,2780
5365,1,0.3090909090909091,12,2761
5366,1,0.3090909090909091,4,1887
5367,0,0.43636363636363634,17,786
5368,1,0.43636363636363634,15,104
5369,1,0.43636363636363634,12,3348
5370,1,0.43636363636363634,11,1903
5371,1,0.43636363636363634,4,442
5372,1,0.3090909090909091,12,1859
5373,1,0.6181818181818182,7,1321
5374,1,0.43636363636363634,0,99
5375,1,0.43636363636363634,17,3099
5376,0,0.3090909090909091,3,410
5377,1,0.6181818181818182,18,434
5378,1,0.43636363636363634,7,2614
5379,1,0.3090909090909091,4,17
5380,1,0.43636363636363634,14,403
5381,1,0.3090909090909091,4,323
5382,1,0.6181818181818182,1,1922
5383,0,0.43636363636363634,3,3063
5384,1,0.43636363636363634,12,2649
5385,1,0.43636363636363634,14,2003
5386,0,0.43636363636363634,1,1476
5387,0,0.3090909090909091,4,445
5388,1,0.7999999999999999,7,70
5389,1,0.0,0,2453
5390,1,0.43636363636363634,7,409
5391,1,0.8909090909090909,1,3359
5392,1,0.6181818181818182,7,436
5393,1,0.3090909090909091,0,2080
5394,1,0.8909090909090909,1,585
5395,1,0.43636363636363634,6,2717
5396,1,0.3090909090909091,0,2050
5397,1,0.9999999999999999,17,2270
5398,1,0.43636363636363634,1,542
5399,0,0.3090909090909091,4,1058
5400,0,0.3090909090909091,1,772
5401,0,0.43636363636363634,0,1076
5402,1,0.0,10,1989
5403,1,0.43636363636363634,0,1068
5404,0,0.8909090909090909,7,554
5405,0,0.6181818181818182,0,1701
5406,0,0.6181818181818182,17,1073
5407,1,0.43636363636363634,20,479
5408,1,0.7999999999999999,1,2019
5409,0,0.7999999999999999,2,849
5410,0,0.0,19,631
5411,1,0.43636363636363634,12,3303
5412,1,0.6181818181818182,1,1989
5413,1,0.0,10,331
5414,0,0.43636363636363634,7,212
5415,0,0.43636363636363634,5,59
5416,1,0.3090909090909091,17,708
5417,0,0.43636363636363634,0,1788
5418,0,0.3090909090909091,12,247
5419,0,0.0,19,631
5420,1,0.6181818181818182,17,862
5421,1,0.8909090909090909,7,3060
5422,0,0.8909090909090909,5,2096
5423,0,0.6181818181818182,2,2521
5424,1,0.3090909090909091,4,1771
5425,1,0.43636363636363634,14,3224
5426,1,0.6181818181818182,19,468
5427,0,0.43636363636363634,6,1017
5428,0,0.43636363636363634,1,140
5429,0,0.7999999999999999,1,961
5430,1,0.9999999999999999,1,706
5431,1,0.9999999999999999,13,48
5432,0,0.6181818181818182,17,1475
5433,0,0.43636363636363634,7,2080
5434,1,0.7999999999999999,18,153
5435,1,0.3090909090909091,4,2746
5436,1,0.43636363636363634,11,1918
5437,1,0.43636363636363634,14,2006
5438,1,0.9999999999999999,13,728
5439,0,0.7999999999999999,2,1314
5440,1,0.8909090909090909,7,3217
5441,1,0.43636363636363634,7,2143
5442,1,0.43636363636363634,12,71
5443,0,0.3090909090909091,4,1936
5444,1,0.43636363636363634,0,1392
5445,0,0.8909090909090909,1,2191
5446,1,0.7999999999999999,2,2083
5447,1,0.7999999999999999,19,2083
5448,1,0.3090909090909091,12,45
5449,1,0.3090909090909091,12,108
5450,0,0.43636363636363634,1,3360
5451,1,0.6181818181818182,6,405
5452,1,0.3090909090909091,4,1087
5453,1,0.6181818181818182,7,398
5454,0,0.3090909090909091,17,1936
5455,1,0.6181818181818182,1,1145
5456,1,0.3090909090909091,12,1899
5457,0,0.3090909090909091,2,3351
5458,0,0.0,10,3421
5459,1,0.3090909090909091,4,108
5460,1,0.8909090909090909,0,3036
5461,1,0.43636363636363634,17,2711
5462,1,0.6181818181818182,0,1769
5463,1,0.6181818181818182,7,2414
5464,0,0.43636363636363634,0,412
5465,1,0.43636363636363634,12,3337
5466,1,0.6181818181818182,0,2165
5467,1,0.43636363636363634,12,3125
5468,1,0.6181818181818182,12,794
5469,1,0.9999999999999999,7,773
5470,1,0.3090909090909091,7,409
5471,1,0.6181818181818182,1,997
5472,1,0.43636363636363634,1,787
5473,1,0.43636363636363634,12,778
5474,1,0.43636363636363634,4,3057
5475,0,0.6181818181818182,0,782
5476,1,0.6181818181818182,1,1886
5477,1,0.6181818181818182,7,163
5478,1,0.6181818181818182,1,1719
5479,0,0.43636363636363634,14,307
5480,1,0.7999999999999999,12,1936
5481,1,0.3090909090909091,7,408
5482,0,0.43636363636363634,6,640
5483,1,0.7999999999999999,17,859
5484,1,0.43636363636363634,4,371
5485,1,0.43636363636363634,0,682
5486,1,0.43636363636363634,17,3179
5487,1,0.43636363636363634,15,2829
5488,1,0.3090909090909091,7,3052
5489,1,0.7999999999999999,17,2573
5490,1,0.3090909090909091,7,409
5491,1,0.3090909090909091,4,1851
5492,1,0.6181818181818182,12,3251
5493,0,0.6181818181818182,17,3078
5494,0,0.3090909090909091,4,3166
5495,1,0.43636363636363634,7,2769
5496,1,0.43636363636363634,4,2040
5497,0,0.8909090909090909,1,2133
5498,0,0.43636363636363634,19,2040
5499,0,0.6181818181818182,20,631
5500,1,0.43636363636363634,2,1211
5501,1,0.43636363636363634,2,2202
5502,0,0.43636363636363634,9,1904
5503,1,0.7999999999999999,7,2663
5504,0,0.43636363636363634,4,106
5505,0,0.3090909090909091,14,2074
5506,1,0.7999999999999999,7,1454
5507,1,0.43636363636363634,20,3090
5508,1,0.43636363636363634,0,473
5509,1,0.3090909090909091,4,718
5510,1,0.7999999999999999,1,2945
5511,0,0.43636363636363634,17,44
5512,1,0.6181818181818182,1,2875
5513,0,0.0,10,2387
5514,1,0.3090909090909091,4,660
5515,0,0.8909090909090909,16,3385
5516,1,0.9999999999999999,0,2540
5517,1,0.8909090909090909,17,2479
5518,1,0.6181818181818182,15,1197
5519,1,0.7999999999999999,1,697
5520,0,0.43636363636363634,6,95
5521,1,0.43636363636363634,14,140
5522,1,0.6181818181818182,0,2036
5523,0,0.0,10,961
5524,0,0.0,10,1880
5525,0,0.6181818181818182,2,977
5526,1,0.43636363636363634,1,2262
5527,1,0.8909090909090909,1,1520
5528,1,0.3090909090909091,6,249
5529,0,0.3090909090909091,4,2159
5530,1,0.8909090909090909,17,393
5531,1,0.43636363636363634,17,971
5532,0,0.8909090909090909,2,418
5533,1,0.7999999999999999,16,1076
5534,1,0.43636363636363634,15,3099
5535,1,0.43636363636363634,16,2219
5536,0,0.9999999999999999,1,441
5537,1,0.7999999999999999,12,1848
5538,0,0.43636363636363634,20,2854
5539,1,0.6181818181818182,1,737
5540,1,0.9999999999999999,7,3026
5541,1,0.7999999999999999,7,496
5542,1,0.43636363636363634,17,3312
5543,1,0.43636363636363634,15,389
5544,0,0.6181818181818182,16,3347
5545,1,0.3090909090909091,14,959
5546,0,0.3090909090909091,4,418
5547,0,0.3090909090909091,4,103
5548,0,0.8909090909090909,9,2372
5549,1,0.6181818181818182,15,1622
5550,0,0.6181818181818182,20,3352
5551,1,0.8909090909090909,7,922
5552,1,0.6181818181818182,3,1038
5553,1,0.43636363636363634,1,2921
5554,1,0.0,10,1303
5555,1,0.7999999999999999,6,2912
5556,1,0.6181818181818182,14,1225
5557,1,0.0,10,134
5558,1,0.8909090909090909,1,2444
5559,0,0.6181818181818182,17,3339
5560,0,0.43636363636363634,3,2310
5561,0,0.6181818181818182,1,1814
5562,0,0.43636363636363634,7,506
5563,1,0.7999999999999999,20,134
5564,1,0.3090909090909091,17,92
5565,1,0.6181818181818182,7,828
5566,1,0.8909090909090909,3,2483
5567,1,0.3090909090909091,4,1714
5568,0,0.3090909090909091,1,334
5569,1,0.43636363636363634,1,334
5570,0,0.43636363636363634,9,317
5571,0,0.43636363636363634,4,2146
5572,0,0.6181818181818182,1,621
5573,1,0.43636363636363634,0,823
5574,1,0.6181818181818182,7,769
5575,1,0.43636363636363634,4,1891
5576,1,0.8909090909090909,1,555
5577,0,0.3090909090909091,1,89
5578,0,0.6181818181818182,7,308
5579,1,0.7999999999999999,7,34
5580,1,0.43636363636363634,0,409
5581,1,0.7999999999999999,1,1718
5582,1,0.9999999999999999,15,1303
5583,0,0.8909090909090909,0,409
5584,1,0.43636363636363634,4,409
5585,1,0.6181818181818182,20,3054
5586,1,0.43636363636363634,17,866
5587,0,0.43636363636363634,20,2087
5588,0,0.43636363636363634,0,226
5589,0,0.7999999999999999,12,3063
5590,1,0.3090909090909091,0,403
5591,1,0.43636363636363634,1,1792
5592,1,0.8909090909090909,16,2771
5593,0,0.7999999999999999,0,1914
5594,1,0.43636363636363634,20,2749
5595,1,0.6181818181818182,12,877
5596,0,0.3090909090909091,4,3153
5597,1,0.3090909090909091,4,986
5598,1,0.6181818181818182,7,2745
5599,0,0.7999999999999999,0,553
5600,1,0.6181818181818182,1,3381
5601,1,0.6181818181818182,0,3289
5602,1,0.8909090909090909,7,141
5603,1,0.6181818181818182,15,2145
5604,0,0.3090909090909091,2,3153
5605,0,0.43636363636363634,14,840
5606,1,0.3090909090909091,4,469
5607,1,0.3090909090909091,3,2486
5608,0,0.8909090909090909,1,1106
5609,0,0.43636363636363634,1,1822
5610,0,0.6181818181818182,7,217
5611,0,0.43636363636363634,1,111
5612,0,0.6181818181818182,0,3405
5613,1,0.43636363636363634,0,552
5614,1,0.6181818181818182,7,306
5615,1,0.7999999999999999,1,384
5616,1,0.43636363636363634,14,1648
5617,0,0.3090909090909091,4,2954
5618,0,0.3090909090909091,4,890
5619,1,0.6181818181818182,14,1883
5620,1,0.43636363636363634,7,101
5621,1,0.6181818181818182,15,56
5622,1,0.43636363636363634,11,2620
5623,1,0.43636363636363634,7,748
5624,1,0.43636363636363634,1,52
5625,1,0.9999999999999999,16,1127
5626,1,0.43636363636363634,0,309
5627,1,0.3090909090909091,4,2746
5628,1,0.43636363636363634,14,143
5629,1,0.6181818181818182,17,298
5630,1,0.6181818181818182,12,74
5631,0,0.3090909090909091,4,2475
5632,1,0.8909090909090909,1,3386
5633,1,0.43636363636363634,14,1901
5634,0,0.6181818181818182,9,298
5635,1,0.43636363636363634,7,3351
5636,1,0.0,10,464
5637,1,0.3090909090909091,1,1151
5638,0,0.3090909090909091,4,2117
5639,1,0.6181818181818182,17,2501
5640,0,0.43636363636363634,17,1659
5641,1,0.0,10,2293
5642,0,0.6181818181818182,1,2619
5643,0,0.3090909090909091,4,2990
5644,1,0.43636363636363634,2,2694
5645,1,0.3090909090909091,4,3247
5646,1,0.3090909090909091,1,2127
5647,1,0.43636363636363634,17,1659
5648,0,0.3090909090909091,4,2747
5649,0,0.6181818181818182,12,2825
5650,0,0.43636363636363634,6,2311
5651,1,0.3090909090909091,0,1578
5652,1,0.8909090909090909,1,2311
5653,1,0.43636363636363634,4,3209
5654,0,0.43636363636363634,6,2407
5655,1,0.43636363636363634,15,200
5656,1,0.8909090909090909,14,2897
5657,1,0.9999999999999999,0,1127
5658,1,0.43636363636363634,0,821
5659,1,0.43636363636363634,2,2486
5660,0,0.43636363636363634,15,193
5661,1,0.0,10,347
5662,0,0.6181818181818182,20,2343
5663,1,0.3090909090909091,4,1652
5664,1,0.3090909090909091,4,433
5665,1,0.3090909090909091,16,469
5666,1,0.6181818181818182,7,403
5667,0,0.43636363636363634,3,1359
5668,1,0.9999999999999999,1,2746
5669,1,0.3090909090909091,4,1604
5670,1,0.43636363636363634,1,110
5671,0,0.43636363636363634,4,1387
5672,0,0.6181818181818182,1,1912
5673,1,0.6181818181818182,7,3078
5674,1,0.6181818181818182,14,1060
5675,1,0.43636363636363634,20,2494
5676,1,0.43636363636363634,1,580
5677,1,0.6181818181818182,17,3352
5678,1,0.6181818181818182,2,1180
5679,1,0.8909090909090909,20,3063
5680,0,0.43636363636363634,7,2926
5681,1,0.3090909090909091,0,929
5682,0,0.3090909090909091,9,3099
5683,1,0.3090909090909091,16,3057
5684,1,0.43636363636363634,17,3063
5685,1,0.9999999999999999,16,2074
5686,0,0.0,0,1897
5687,0,0.3090909090909091,4,2479
5688,1,0.43636363636363634,0,2624
5689,1,0.3090909090909091,4,2479
5690,1,0.6181818181818182,14,2201
5691,0,0.43636363636363634,7,1043
5692,0,0.43636363636363634,4,2754
5693,0,0.43636363636363634,12,2806
5694,0,0.6181818181818182,3,851
5695,0,0.43636363636363634,14,3308
5696,1,0.43636363636363634,0,3228
5697,1,0.6181818181818182,14,1913
5698,1,0.6181818181818182,15,3130
5699,0,0.3090909090909091,14,1918
5700,1,0.43636363636363634,7,1880
5701,1,0.3090909090909091,0,2754
5702,1,0.9999999999999999,1,599
5703,0,0.3090909090909091,4,2746
5704,0,0.3090909090909091,4,2746
5705,1,0.3090909090909091,17,372
5706,1,0.43636363636363634,12,13
5707,1,0.6181818181818182,1,2754
5708,1,0.3090909090909091,4,2746
5709,1,0.43636363636363634,15,2754
5710,1,0.43636363636363634,7,1577
5711,1,0.6181818181818182,1,2746
5712,0,0.8909090909090909,7,2850
5713,1,0.6181818181818182,2,3248
5714,1,0.3090909090909091,4,2746
5715,1,0.0,10,201
5716,1,0.43636363636363634,0,202
5717,0,0.6181818181818182,14,1321
5718,1,0.9999999999999999,7,860
5719,1,0.43636363636363634,0,2074
5720,1,0.7999999999999999,11,2762
5721,1,0.43636363636363634,20,1597
5722,1,0.3090909090909091,12,1838
5723,1,0.43636363636363634,15,3050
5724,1,0.3090909090909091,2,411
5725,1,0.43636363636363634,1,2449
5726,1,0.43636363636363634,4,2991
5727,0,0.6181818181818182,20,397
5728,1,0.3090909090909091,10,3421
5729,1,0.3090909090909091,0,3058
5730,0,0.43636363636363634,11,415
5731,0,0.43636363636363634,11,90
5732,1,0.43636363636363634,4,1604
5733,0,0.43636363636363634,14,415
5734,1,0.43636363636363634,6,743
5735,1,0.43636363636363634,1,392
5736,1,0.7999999999999999,15,3018
5737,1,0.43636363636363634,12,1901
5738,1,0.43636363636363634,7,2773
5739,1,0.43636363636363634,1,2077
5740,1,0.8909090909090909,13,2081
5741,0,0.43636363636363634,12,816
5742,0,0.6181818181818182,0,1931
5743,0,0.43636363636363634,4,2202
5744,0,0.3090909090909091,4,2746
5745,1,0.3090909090909091,15,3042
5746,1,0.43636363636363634,0,200
5747,1,0.43636363636363634,0,2933
5748,1,0.43636363636363634,2,3063
5749,1,0.3090909090909091,1,226
5750,0,0.0,0,602
5751,0,0.9999999999999999,0,631
5752,1,0.3090909090909091,17,2499
5753,0,0.3090909090909091,1,2087
5754,0,0.6181818181818182,2,2493
5755,0,0.0,10,3358
5756,1,0.0,10,255
5757,0,0.8909090909090909,1,1046
5758,0,0.43636363636363634,1,392
5759,1,0.3090909090909091,12,442
5760,1,0.43636363636363634,20,2763
5761,0,0.6181818181818182,6,1871
5762,0,0.43636363636363634,1,392
5763,0,0.8909090909090909,12,2418
5764,1,0.43636363636363634,11,1464
5765,1,0.9999999999999999,14,3247
5766,1,0.43636363636363634,2,2359
5767,0,0.0,7,818
5768,1,0.7999999999999999,14,254
5769,1,0.43636363636363634,0,2548
5770,1,0.43636363636363634,7,3209
5771,1,0.6181818181818182,7,661
5772,1,0.43636363636363634,6,2719
5773,1,0.3090909090909091,4,3064
5774,1,0.43636363636363634,11,417
5775,1,0.3090909090909091,12,3284
5776,1,0.0,0,255
5777,1,0.6181818181818182,12,2653
5778,1,0.43636363636363634,5,405
5779,1,0.3090909090909091,17,2998
5780,1,0.43636363636363634,2,466
5781,0,0.6181818181818182,0,1939
5782,0,0.7999999999999999,1,2915
5783,1,0.3090909090909091,10,1957
5784,0,0.43636363636363634,7,2073
5785,1,0.43636363636363634,6,1771
5786,1,0.43636363636363634,20,2813
5787,1,0.43636363636363634,0,2964
5788,1,0.43636363636363634,17,2828
5789,0,0.6181818181818182,0,1876
5790,1,0.3090909090909091,4,1418
5791,1,0.43636363636363634,17,1383
5792,1,0.43636363636363634,2,2864
5793,1,0.6181818181818182,17,1789
5794,1,0.43636363636363634,1,2976
5795,0,0.43636363636363634,7,400
5796,1,0.43636363636363634,7,2498
5797,1,0.6181818181818182,0,2527
5798,1,0.43636363636363634,5,2575
5799,1,0.6181818181818182,18,2815
5800,1,0.43636363636363634,16,228
5801,0,0.43636363636363634,0,3353
5802,1,0.0,10,35
5803,0,0.6181818181818182,7,3078
5804,0,0.43636363636363634,0,2813
5805,0,0.8909090909090909,1,383
5806,1,0.6181818181818182,7,73
5807,0,0.43636363636363634,7,1288
5808,1,0.43636363636363634,7,1288
5809,1,0.8909090909090909,16,3165
5810,1,0.3090909090909091,4,2041
5811,0,0.43636363636363634,7,2924
5812,1,0.43636363636363634,7,3063
5813,1,0.43636363636363634,0,2854
5814,1,0.43636363636363634,20,2763
5815,1,0.43636363636363634,0,2252
5816,1,0.43636363636363634,17,1184
5817,1,0.43636363636363634,4,2988
5818,1,0.8909090909090909,6,2264
5819,1,0.7999999999999999,0,1410
5820,1,0.43636363636363634,15,104
5821,0,0.6181818181818182,4,2458
5822,1,0.43636363636363634,12,109
5823,1,0.3090909090909091,12,691
5824,0,0.43636363636363634,4,1383
5825,1,0.3090909090909091,4,2040
5826,1,0.43636363636363634,2,1864
5827,1,0.43636363636363634,17,2763
5828,0,0.43636363636363634,4,2460
5829,0,0.3090909090909091,4,2457
5830,1,0.43636363636363634,1,2924
5831,0,0.43636363636363634,0,2465
5832,0,0.6181818181818182,0,2469
5833,1,0.9999999999999999,16,2915
5834,0,0.6181818181818182,0,1901
5835,1,0.43636363636363634,0,2865
5836,1,0.43636363636363634,7,2073
5837,0,0.7999999999999999,7,81
5838,1,0.43636363636363634,1,965
5839,0,0.0,0,1441
5840,0,0.6181818181818182,7,417
5841,1,0.43636363636363634,4,1383
5842,1,0.6181818181818182,1,2592
5843,0,0.0,10,99
5844,0,0.43636363636363634,3,2509
5845,1,0.7999999999999999,16,2456
5846,0,0.3090909090909091,4,142
5847,1,0.8909090909090909,20,778
5848,1,0.6181818181818182,17,3278
5849,0,0.43636363636363634,7,2461
5850,0,0.3090909090909091,20,1905
5851,0,0.43636363636363634,1,3041
5852,1,0.8909090909090909,19,597
5853,1,0.7999999999999999,7,1191
5854,1,0.8909090909090909,7,756
5855,0,0.43636363636363634,7,2463
5856,0,0.7999999999999999,2,1394
5857,1,0.43636363636363634,4,7
5858,1,0.43636363636363634,7,2716
5859,0,0.43636363636363634,4,2858
5860,0,0.8909090909090909,1,3397
5861,0,0.43636363636363634,9,2378
5862,0,0.43636363636363634,14,2737
5863,0,0.8909090909090909,1,1001
5864,1,0.43636363636363634,17,3235
5865,0,0.43636363636363634,6,268
5866,0,0.7999999999999999,3,2835
5867,1,0.6181818181818182,14,2667
5868,0,0.43636363636363634,7,720
5869,1,0.43636363636363634,14,3357
5870,0,0.43636363636363634,4,7
5871,1,0.43636363636363634,17,2100
5872,1,0.3090909090909091,12,414
5873,1,0.43636363636363634,4,7
5874,1,0.43636363636363634,4,720
5875,1,0.8909090909090909,7,1067
5876,1,0.3090909090909091,12,103
5877,0,0.43636363636363634,0,2087
5878,1,0.6181818181818182,7,101
5879,1,0.43636363636363634,1,392
5880,1,0.6181818181818182,17,1086
5881,1,0.6181818181818182,7,2057
5882,0,0.3090909090909091,0,103
5883,1,0.3090909090909091,4,783
5884,1,0.43636363636363634,1,3263
5885,1,0.43636363636363634,20,104
5886,0,0.6181818181818182,20,2113
5887,1,0.43636363636363634,20,2178
5888,1,0.8909090909090909,20,257
5889,1,0.6181818181818182,20,2395
5890,1,0.3090909090909091,4,1898
5891,1,0.7999999999999999,2,455
5892,1,0.43636363636363634,7,104
5893,1,0.6181818181818182,0,2260
5894,1,0.43636363636363634,1,1377
5895,1,0.43636363636363634,0,2092
5896,1,0.43636363636363634,20,115
5897,0,0.3090909090909091,0,108
5898,1,0.6181818181818182,17,1059
5899,1,0.43636363636363634,7,2084
5900,0,0.6181818181818182,7,2907
5901,1,0.8909090909090909,16,2414
5902,1,0.43636363636363634,11,297
5903,0,0.7999999999999999,12,3192
5904,0,0.6181818181818182,20,2450
5905,0,0.3090909090909091,4,767
5906,1,0.43636363636363634,2,474
5907,1,0.43636363636363634,4,762
5908,1,0.3090909090909091,20,2842
5909,0,0.7999999999999999,20,421
5910,0,0.43636363636363634,17,2552
5911,1,0.43636363636363634,1,2412
5912,0,0.3090909090909091,0,1578
5913,1,0.6181818181818182,2,2845
5914,1,0.3090909090909091,4,1975
5915,1,0.8909090909090909,20,1630
5916,0,0.8909090909090909,1,3103
5917,1,0.43636363636363634,12,1852
5918,1,0.3090909090909091,0,1579
5919,0,0.43636363636363634,1,252
5920,1,0.43636363636363634,6,639
5921,1,0.9999999999999999,3,3107
5922,1,0.43636363636363634,7,252
5923,1,0.6181818181818182,0,1912
5924,0,0.43636363636363634,0,2756
5925,0,0.8909090909090909,7,2198
5926,1,0.6181818181818182,14,400
5927,1,0.7999999999999999,1,627
5928,0,0.6181818181818182,0,1220
5929,0,0.6181818181818182,17,2480
5930,0,0.3090909090909091,7,3058
5931,1,0.3090909090909091,14,2758
5932,1,0.43636363636363634,2,3383
5933,1,0.43636363636363634,14,2413
5934,1,0.3090909090909091,0,1259
5935,1,0.3090909090909091,4,1284
5936,1,0.43636363636363634,12,2081
5937,1,0.43636363636363634,1,1265
5938,0,0.7999999999999999,15,2404
5939,1,0.8909090909090909,12,187
5940,0,0.43636363636363634,0,2087
5941,1,0.7999999999999999,1,65
5942,0,0.7999999999999999,1,768
5943,0,0.3090909090909091,10,985
5944,0,0.6181818181818182,2,1262
5945,0,0.9999999999999999,1,1901
5946,0,0.7999999999999999,16,3292
5947,1,0.9999999999999999,13,522
5948,1,0.3090909090909091,17,1578
5949,1,0.43636363636363634,4,763
5950,1,0.3090909090909091,4,2392
5951,0,0.7999999999999999,1,2462
5952,1,0.0,10,836
5953,1,0.7999999999999999,11,2261
5954,0,0.43636363636363634,7,1257
5955,0,0.3090909090909091,4,107
5956,1,0.3090909090909091,20,81
5957,1,0.7999999999999999,14,3075
5958,0,0.3090909090909091,4,631
5959,0,0.7999999999999999,0,2256
5960,0,0.7999999999999999,0,2498
5961,1,0.6181818181818182,7,2543
5962,1,0.43636363636363634,15,105
5963,1,0.3090909090909091,5,3282
5964,1,0.43636363636363634,17,2428
5965,0,0.6181818181818182,9,414
5966,1,0.8909090909090909,16,2295
5967,1,0.9999999999999999,7,3352
5968,1,0.7999999999999999,13,2444
5969,1,0.6181818181818182,11,1928
5970,1,0.6181818181818182,7,1701
5971,0,0.43636363636363634,20,1920
5972,1,0.0,10,1815
5973,0,0.43636363636363634,1,1143
5974,1,0.43636363636363634,14,1851
5975,0,0.43636363636363634,1,963
5976,1,0.6181818181818182,1,2741
5977,1,0.6181818181818182,1,1684
5978,1,0.43636363636363634,1,1389
5979,1,0.9999999999999999,1,1372
5980,1,0.6181818181818182,7,57
5981,1,0.6181818181818182,1,1956
5982,1,0.43636363636363634,3,1033
5983,1,0.43636363636363634,1,2092
5984,0,0.3090909090909091,4,2485
5985,0,0.9999999999999999,1,13
5986,1,0.43636363636363634,16,400
5987,1,0.43636363636363634,15,3034
5988,0,0.0,10,2312
5989,0,0.43636363636363634,20,2762
5990,0,0.6181818181818182,20,3036
5991,0,0.3090909090909091,4,840
5992,0,0.8909090909090909,20,1717
5993,1,0.6181818181818182,1,1148
5994,0,0.6181818181818182,1,620
5995,0,0.43636363636363634,0,2692
5996,0,0.43636363636363634,7,409
5997,1,0.3090909090909091,4,2112
5998,0,0.43636363636363634,1,1938
5999,1,0.7999999999999999,17,1070
6000,0,0.43636363636363634,7,3063
6001,1,0.8909090909090909,0,1396
6002,0,0.7999999999999999,17,2486
6003,0,0.43636363636363634,15,1015
6004,0,0.43636363636363634,5,1015
6005,0,0.0,0,10
6006,1,0.6181818181818182,17,2565
6007,1,0.3090909090909091,4,2484
6008,0,0.43636363636363634,12,2063
6009,1,0.6181818181818182,0,2512
6010,1,0.6181818181818182,15,2566
6011,1,0.6181818181818182,15,173
6012,0,0.43636363636363634,20,1142
6013,1,0.7999999999999999,1,2569
6014,0,0.43636363636363634,9,2522
6015,1,0.7999999999999999,1,1289
6016,0,0.6181818181818182,7,845
6017,1,0.6181818181818182,1,1671
6018,1,0.43636363636363634,0,417
6019,1,0.8909090909090909,16,416
6020,1,0.43636363636363634,12,389
6021,1,0.43636363636363634,17,1967
6022,1,0.43636363636363634,0,1388
6023,1,0.43636363636363634,12,1791
6024,0,0.43636363636363634,1,1154
6025,1,0.6181818181818182,6,470
6026,1,0.3090909090909091,4,808
6027,1,0.3090909090909091,4,3072
6028,0,0.43636363636363634,1,915
6029,1,0.43636363636363634,17,1156
6030,0,0.3090909090909091,0,1477
6031,1,0.7999999999999999,7,1855
6032,1,0.8909090909090909,13,2463
6033,1,0.43636363636363634,14,3063
6034,0,0.43636363636363634,1,2490
6035,0,0.43636363636363634,15,1152
6036,0,0.7999999999999999,1,2367
6037,0,0.9999999999999999,1,626
6038,0,0.7999999999999999,0,13
6039,1,0.43636363636363634,6,466
